id,latitude,longitude,int_backrest
4956877323,43.4133343,1.1174164,0
5120162421,43.4926547,1.1464517,0
5131735022,43.47466,1.180809,0
6554695634,43.495396,1.153182,0
6554695641,43.4611147,1.1430381,0
6955817188,43.4446012,1.1812448,0
9037281911,43.4973393,1.1992008,0
9649197894,43.4508915,1.1922937,0
9887397183,43.4923873,1.1445576,0
10554312845,43.4128178,1.1245453,0
12736120779,43.4166214,1.171677,0
4956860530,43.423717,1.213247,0
4956882321,43.4299078,1.2229428,0
6830843511,43.465957,1.216124,0
6875117882,43.4773774,1.2593924,0
7531985948,43.4018655,1.2585144,0
7531985949,43.4018188,1.2582728,0
7923003708,43.4663468,1.2505776,0
7923003710,43.4626394,1.2473227,0
8830001585,43.4300411,1.2100896,0
8883304430,43.402706,1.292842,0
8996051345,43.4889121,1.2465066,0
8996051356,43.492608,1.2457004,0
8998256288,43.455367,1.2418214,0
9902502732,43.4607305,1.2504422,0
9902502733,43.4608356,1.2504774,0
12736120776,43.4347515,1.224468,0
12768677179,43.4841395,1.2431724,0
12809401021,43.432171,1.2316687,0
1718466372,43.469037,1.3239679,0
1718466402,43.4687709,1.3237552,0
1718466681,43.4679131,1.3284199,0
1718584984,43.4973227,1.3150782,0
2915914913,43.4045068,1.3694312,0
2915914923,43.4371458,1.378513,0
2915914966,43.4207384,1.3749769,0
2915914967,43.4208124,1.3747475,0
2915914968,43.4539991,1.3944169,0
2915914970,43.4568108,1.3958559,0
2915914971,43.4612027,1.3971991,0
4956860531,43.465717,1.3241298,0
5140870925,43.445509,1.399335,0
5140893722,43.412977,1.388603,0
5140893826,43.4131059,1.388483,0
5140893932,43.408998,1.391663,0
5140893939,43.404033,1.394496,0
5143486422,43.4683955,1.3979527,0
5143494724,43.4764219,1.3981428,0
5143494732,43.4571768,1.395813,0
5189307002,43.4645502,1.3159853,0
5219362143,43.4459894,1.3168738,0
5219362144,43.4459959,1.3170643,0
5219362234,43.4518244,1.3205091,0
5219362235,43.4518432,1.3206799,0
5308049400,43.4659662,1.3238223,0
6581219475,43.4606619,1.3248907,0
6581219477,43.4492021,1.3362988,0
6581219481,43.4438398,1.3389051,0
6581219483,43.4347832,1.3446334,0
6581229089,43.4308133,1.3495587,0
6581229102,43.4243713,1.3604958,0
6581229107,43.4208315,1.3735045,0
6830843501,43.466804,1.311131,0
6924312164,43.454829,1.331156,0
7570023566,43.4715751,1.3240254,0
7571551596,43.4662132,1.3008651,0
7571551601,43.4669655,1.3182789,0
7772236654,43.411769,1.3092882,0
7772236655,43.4209545,1.31683,0
7921063121,43.4723969,1.3801717,0
7921063124,43.4781658,1.3826254,0
7921063154,43.4722948,1.3800031,0
7921077842,43.468595,1.336314,0
7921077848,43.4664325,1.3373932,0
7923003488,43.4484162,1.3953865,0
8913311927,43.4821237,1.3060178,0
9024616697,43.420762,1.3167201,0
11833938446,43.4692057,1.3788143,0
13150257329,43.4904366,1.3421281,0
13150257330,43.4907869,1.3428044,0
13150257353,43.4793449,1.3351017,0
13150257358,43.4783725,1.3349628,0
13155782089,43.4684248,1.3232685,0
13155782096,43.47186,1.3306975,0
13155782097,43.4721987,1.3311321,0
176195284,,,0
413929802,,,0
1356187583,43.4813669,1.4332162,0
1400170494,43.4377986,1.4261827,0
1690522273,43.4719656,1.4343327,0
1718477159,43.4883695,1.4967853,0
1718620715,43.494139,1.4202358,0
1718623955,43.4746139,1.4949596,0
2482928991,43.4947,1.435102,0
2911847753,43.4567352,1.4162713,0
2911847754,43.4568342,1.4158925,0
2911848332,43.4009453,1.4501368,0
2911848349,43.4847069,1.4006956,0
2974137334,43.4674665,1.4533674,0
4497565090,43.4832922,1.4015119,0
4497565091,43.4010193,1.4498803,0
5111327232,43.4291834,1.4441411,0
5111341524,43.4324129,1.4382533,0
5111354833,43.4210658,1.4413111,0
5111354835,43.4054239,1.4470025,0
5111362422,43.4325108,1.4435135,0
5111362721,43.425725,1.442728,0
5113347632,43.4335063,1.4334811,0
5143463926,43.4501614,1.4010466,0
5330981749,43.4591484,1.4011015,0
5330981750,43.4587064,1.4009218,0
7873657786,43.4724556,1.4911593,0
7926195263,43.4872656,1.4877079,0
8463239011,43.4518887,1.4934699,0
8463872308,43.4544263,1.4973406,0
935433249,43.479848,1.5262902,0
936769624,43.4567589,1.5219724,0
936769639,43.4571677,1.5213873,0
988731545,43.4618506,1.5712103,0
988731546,43.4617061,1.5711473,0
991424400,43.4984112,1.5046188,0
1004309637,43.4581241,1.570567,0
1501416383,43.4120194,1.5227504,0
1718365728,43.4992925,1.5153894,0
1718451605,43.4847174,1.5255575,0
1718451643,43.4867748,1.531711,0
1718620383,43.4649638,1.5655848,0
1718620390,43.4653064,1.5652881,0
1718623987,43.476863,1.5005363,0
1734958263,43.4733262,1.551148,0
1734958266,43.4721447,1.5526268,0
1756118313,43.4376321,1.5515208,0
2216405445,43.4367645,1.5985538,0
2216410789,43.488554,1.569242,0
2216414871,43.4946996,1.5209026,0
2216415510,43.4966554,1.5182909,0
2216415656,43.4970111,1.5181045,0
6582272953,43.4476786,1.5974006,0
6618556387,43.4563704,1.58061,0
7873657800,43.4890496,1.5142525,0
9501126214,43.4718548,1.5532935,0
9621337649,43.4781877,1.5768821,0
10280861429,43.4007423,1.5606929,0
10280861441,43.4013023,1.565341,0
10282102005,43.4012913,1.5653586,0
1718431682,43.4989278,1.6223391,0
1718431698,43.4992551,1.6220197,0
1734111673,43.4910559,1.6423107,0
1843515845,43.416635,1.6396005,0
1843515846,43.4167016,1.6394789,0
2216406722,43.4537707,1.6131127,0
2216408120,43.4575669,1.6059266,0
2915125106,43.4220763,1.6843966,0
2915125111,43.4431825,1.6439102,0
6582272954,43.4497587,1.6084212,0
6582272973,43.4518411,1.6264147,0
6582272975,43.4385143,1.6529958,0
6582272976,43.4388473,1.6526924,0
6582272981,43.4344039,1.6643954,0
6618542872,43.4538269,1.6133345,0
8303822220,43.4003868,1.6638321,0
8303822225,43.4079769,1.6559218,0
8303822226,43.4081167,1.6559099,0
8836975264,43.4239495,1.6267217,0
9501126832,43.4178181,1.6293493,0
9501126833,43.4168459,1.6396171,0
12792123758,43.4179457,1.6411197,0
12792123759,43.4179156,1.6411454,0
1347172970,43.4004097,1.721776,0
1399646641,43.4994179,1.7030553,0
2914710459,43.4698126,1.7480319,0
2914710460,43.4699535,1.7796996,0
2914710461,43.4700402,1.7476761,0
5348932988,43.4032904,1.7119426,0
6582272992,43.4090154,1.706441,0
6694269036,43.4681829,1.796101,0
1352684070,43.4502048,1.8837264,0
1352684096,43.4615629,1.8342663,0
2915027858,43.4944935,1.8966678,0
2914710450,43.4488167,1.9160003,0
2914710451,43.448898,1.9169105,0
2915027853,43.4807336,1.9169287,0
2915027854,43.4815596,1.9157887,0
2915027857,43.48937,1.905168,0
6649604471,43.478487,1.9236,0
6649604474,43.4764181,1.9289952,0
6649604481,43.471748,1.9501859,0
6660277907,43.4762031,1.929177,0
6660277908,43.47851,1.92327,0
7368424670,43.4934824,1.9288396,0
6581436926,43.4506026,2.01115,0
6649604493,43.461513,2.00471,0
6660277890,43.434534,2.018524,0
6660277892,43.441109,2.0238907,0
624140555,,,0
1443048628,,,0
1443050876,,,0
1371661617,43.4952252,2.1509926,0
13074226817,43.4106543,2.2996164,0
1422643647,,,0
6556728922,43.4983204,2.373928,0
6910492198,43.4915714,2.3747824,0
9730107061,43.4938511,2.3909412,0
9730107100,43.4909508,2.3762159,0
9730345552,43.4974604,2.360006,0
9730345573,43.4900381,2.3751926,0
2483302540,43.5153056,1.176398,0
2483302541,43.5150234,1.1759833,0
2912039451,43.5459345,1.1534741,0
2912040824,43.5283767,1.1459517,0
4432277614,43.5150788,1.1619576,0
5123920027,43.552741,1.1911982,0
5152092427,43.5383332,1.1637964,0
5152158922,43.526455,1.104939,0
5164634259,43.554563,1.191667,0
5164634638,43.5576423,1.193166,0
6000995153,43.5117697,1.1889147,0
6554695612,43.5105262,1.1730036,0
6554695616,43.507501,1.170542,0
6554695624,43.505319,1.169185,0
6830843516,43.5030297,1.1759371,0
6830843517,43.506035,1.175703,0
6830843526,43.5084825,1.1770947,0
6830843527,43.5139991,1.1778811,0
8814726014,43.5460361,1.1654241,0
9019573265,43.5139042,1.1696569,0
9028966928,43.5157679,1.1753943,0
9045491349,43.5038195,1.1779779,0
82664840,,,0
1410054037,,,0
1410054038,,,0
1684960929,43.5646555,1.2973058,0
1684960938,43.5637252,1.2993045,0
1684960940,43.5633606,1.2958431,0
1718597897,43.575983,1.2765157,0
1718615341,43.5631446,1.2908899,0
3793180849,43.5622664,1.264697,0
3793181308,43.5390365,1.2343482,0
3793313557,43.5619851,1.2646529,0
3793313857,43.5486422,1.241794,0
3793318457,43.5335546,1.2268225,0
4811244721,43.599357,1.2343205,0
4995217231,43.536682,1.2323329,0
5079057371,43.5527279,1.2487665,0
5164630924,43.5775286,1.2723038,0
5164634133,43.5683366,1.2304068,0
5164634229,43.5756616,1.2565211,0
5164634237,43.5743064,1.2539494,0
5164634255,43.5681442,1.2001633,0
5164634622,43.5764624,1.2613635,0
6000995159,43.5276002,1.2092591,0
6030128670,43.5652568,1.2960805,0
6830843533,43.5430799,1.2170667,0
6830843558,43.5381876,1.2242703,0
6830843560,43.5358345,1.2262234,0
7130505308,43.5791785,1.2850001,0
7131062718,43.578849,1.2824231,0
8739428386,43.5814541,1.2968949,0
8995376286,43.5056509,1.2197874,0
9037876957,43.5012526,1.2056637,0
9048521512,43.5286135,1.2084381,0
9103839547,43.5447156,1.2238055,0
9103839548,43.5432747,1.2228687,0
9103839566,43.5339743,1.214985,0
9103839581,43.5237687,1.2756606,0
9103839599,43.5170406,1.277789,0
9103839607,43.5159455,1.2738964,0
9346367560,43.5304447,1.2310897,0
9346367564,43.533653,1.2195904,0
9348568238,43.5471484,1.2485616,0
9517181488,43.5157977,1.2738655,0
9724872567,43.5793748,1.2675388,0
12696784391,43.5652117,1.288041,0
13015676294,43.513048,1.2128268,0
114482943,,,0
114485160,,,0
424899766,43.5790311,1.3808806,0
424911159,43.5800508,1.382856,0
492016767,43.5688981,1.3323582,0
642959556,43.5788437,1.3784529,0
642959557,43.578838,1.3783188,0
666975843,43.5795779,1.3918988,0
666975861,43.579882,1.391754,0
846720990,43.5901111,1.3777225,0
862941294,43.570342,1.3865273,0
862941370,43.5702394,1.3865777,0
862942420,43.574457,1.3861273,0
862942497,43.5741505,1.3861847,0
986992536,43.5445203,1.3501179,0
986992548,43.5461582,1.3507091,0
986992564,43.5462343,1.3508237,0
987036324,43.5526483,1.3552705,0
987036337,43.5685819,1.3778999,0
987036380,43.5718391,1.3830541,0
987036382,43.5685783,1.3780776,0
987036394,43.5557883,1.3634312,0
987036400,43.5526462,1.3554255,0
987036406,43.571942,1.3830794,0
987036414,43.5706939,1.3923289,0
1024095088,43.557151,1.3802339,0
1149213973,43.5813589,1.3861557,0
1149213976,43.58127,1.386308,0
1149213979,43.5802952,1.3839159,0
1152200469,43.5705841,1.3921082,0
1212497048,43.5271913,1.3887014,0
1213954694,43.559207,1.3977231,0
1347870490,43.5108253,1.3885986,0
1347881385,43.5064759,1.3911485,0
1349563324,43.5017987,1.3925874,0
1377647760,43.5378506,1.3396659,0
1377647762,43.5379128,1.3401005,0
1564521935,43.5788162,1.3252596,0
1664727393,43.5216687,1.3429963,0
1664727426,43.5159926,1.3937367,0
1664727525,43.5247676,1.3443243,0
1664727568,43.5235116,1.3544562,0
1718433761,43.5880857,1.3523558,0
1718434083,43.5899923,1.3690869,0
1718434796,43.576531,1.3141763,0
1718440144,43.5754149,1.3465096,0
1718440237,43.5802085,1.3285732,0
1718444329,43.5720092,1.3389654,0
1718444337,43.5871279,1.3489192,0
1718444339,43.5868299,1.3487509,0
1718444347,43.5790336,1.3587514,0
1718444543,43.5783941,1.3431632,0
1718445018,43.5737774,1.3431539,0
1718445172,43.5931335,1.324212,0
1718448541,43.512155,1.383276,0
1718448555,43.5111386,1.3754691,0
1718471147,43.5171455,1.3340137,0
1718471658,43.5145107,1.3196687,0
1718472311,43.5158282,1.3172077,0
1718472529,43.5138769,1.3223793,0
1718472798,43.5103779,1.3270609,0
1718472844,43.5148476,1.324104,0
1718478554,43.5798214,1.3679953,0
1718478573,43.5798036,1.3676299,0
1718482698,43.5935517,1.3928773,0
1718482716,43.5931126,1.3938958,0
1718492887,43.5613361,1.3948435,0
1718496152,43.5922568,1.3999927,0
1718501128,43.5844379,1.381968,0
1718501654,43.5906091,1.3973155,0
1718503821,43.5910026,1.3835897,0
1718508106,43.5808739,1.3743984,0
1718522844,43.5929426,1.3897015,0
1718523709,43.5542383,1.3985274,0
1718524421,43.546566,1.3881759,0
1718549728,43.5480284,1.3904978,0
1718569885,43.5851496,1.3851757,0
1718570047,43.5886444,1.395296,0
1718570747,43.5826771,1.3740376,0
1718619162,43.5436199,1.3439831,0
1718619808,43.540048,1.3406167,0
1718620029,43.5559156,1.3712952,0
1718620156,43.5308399,1.3553294,0
1734933509,43.570351,1.3358877,0
1734950862,43.5837362,1.3368403,0
1737078294,43.5776114,1.3774365,0
1737129453,43.5587576,1.398972,0
1737246380,43.5789746,1.3804655,0
1740799012,43.570333,1.3920984,0
1740799056,43.5700354,1.3921012,0
1740799076,43.570437,1.3924266,0
1740799078,43.5694106,1.39246,0
2213521761,43.569854,1.392101,0
2328097814,43.5743224,1.3970918,0
2330833693,43.5813075,1.3897609,0
2482920342,43.5453063,1.3960189,0
2483308983,43.5644296,1.3847678,0
2612671447,43.5683682,1.3654328,0
2612678188,43.5683564,1.365597,0
2612678344,43.5680707,1.3707965,0
2612678390,43.5679543,1.3708058,0
2612678443,43.5597059,1.3601807,0
2612678617,43.5597108,1.3603408,0
2615207611,43.5826791,1.3905505,0
2617789821,43.5696341,1.3921044,0
2617798195,43.5827871,1.3900262,0
2974104435,43.5269915,1.3885347,0
3450958816,43.5899089,1.3765423,0
3500026448,43.5996926,1.3719919,0
3500026465,43.5998025,1.372036,0
3793008844,43.5627475,1.3403686,0
3793033759,43.5698304,1.3924361,0
3793224558,43.5582502,1.3661828,0
3793257700,43.5605511,1.3576089,0
3793321681,43.5656668,1.3368117,0
3793345261,43.5085601,1.3754289,0
4444201889,43.5973189,1.3493838,0
5323738179,43.5271239,1.3887902,0
5323738180,43.5269601,1.3886668,0
6001114155,43.5683061,1.3035293,0
6001114156,43.5682796,1.3037565,0
6030128681,43.5702388,1.3087554,0
6030128682,43.5702311,1.3084912,0
6030128684,43.5765954,1.3184678,0
6030133985,43.5764624,1.3178384,0
6298525695,43.5670192,1.3002385,0
6298605185,43.5671873,1.3009427,0
6300388987,43.5862351,1.3410806,0
6300388988,43.5860612,1.3411325,0
6300388989,43.5752291,1.3147884,0
6300388990,43.5749543,1.3138365,0
6329024691,43.5901353,1.3689508,0
6754099632,43.5985655,1.3601645,0
6754099633,43.5987261,1.3600725,0
6754118576,43.5965504,1.3591319,0
6754118577,43.5966468,1.3590673,0
7112059200,43.5973618,1.3456585,0
7112157817,43.5974201,1.348721,0
7579706820,43.5908696,1.3835099,0
7667989038,43.5836137,1.3363208,0
7854481542,43.586331,1.3172204,0
7895005675,43.5613973,1.391262,0
7895005678,43.5630309,1.3918787,0
7895005679,43.5628085,1.3913332,0
7895005734,43.5633692,1.3616761,0
7899796034,43.5125128,1.3288555,0
8739428375,43.5812589,1.3022696,0
9161059451,43.5747013,1.3810665,0
9161059454,43.5599965,1.3943993,0
9161059471,43.57494,1.3810836,0
9217265306,43.570245,1.392442,0
9366908507,43.5378918,1.3392959,0
9984304258,43.560729,1.387228,0
9984304260,43.561946,1.389881,0
10263289046,43.5371277,1.3437016,0
10263289048,43.5370575,1.3436284,0
10263289049,43.5358551,1.3457669,0
10263289050,43.5358228,1.3456578,0
10263289054,43.5331745,1.3436561,0
10263289063,43.5261177,1.3410135,0
10263289066,43.5254117,1.3409609,0
10263289073,43.5258921,1.3348214,0
10263289083,43.52129,1.3306467,0
10263289093,43.5164405,1.317668,0
10898647837,43.50759,1.3750101,0
11098823223,43.5347881,1.3447652,0
11449190350,43.5348673,1.3445498,0
11449371562,43.5389892,1.35493,0
11455392737,43.5630557,1.3476436,0
11455392738,43.5631,1.3475824,0
11455392739,43.563049,1.3476886,0
11462482382,43.5398773,1.3292805,0
11489018729,43.58461,1.3444821,0
11489018731,43.5847342,1.3442759,0
11489018732,43.5796853,1.342784,0
12102946090,43.5347731,1.3447548,0
12106366380,43.5404242,1.3304555,0
12106366381,43.5402026,1.3322016,0
12106366384,43.5404398,1.3313728,0
12115267334,43.5417165,1.3434144,0
12129440985,43.530744,1.3527624,0
12129440986,43.5307936,1.3525773,0
12129440988,43.5304309,1.3520731,0
12817706874,43.5750473,1.3746034,0
13072692731,43.5288647,1.3307203,0
13149177856,43.5141847,1.3737579,0
13149177857,43.5141993,1.373979,0
13155782015,43.5182417,1.3865371,0
13155782016,43.5180578,1.3868228,0
13155782037,43.5062416,1.3623543,0
13155782038,43.5062212,1.3621142,0
74704341,,,0
346982958,,,0
413901384,,,0
413901385,,,0
549545356,43.5596129,1.3602342,0
549545357,43.5597953,1.3602855,0
549914639,43.5684533,1.365567,0
549986873,43.5679905,1.3709294,0
549986874,43.5680276,1.3706711,0
549986877,43.5682781,1.3654719,0
551042006,43.5702868,1.3864185,0
551042007,43.5702947,1.3866751,0
552062787,43.5718188,1.3831659,0
552062788,43.5719473,1.382983,0
552108739,43.5684962,1.3779288,0
552108740,43.5685984,1.3779529,0
640074478,43.5764624,1.3178384,0
841384954,43.5860739,1.3413453,0
841384958,43.5859929,1.3412423,0
845851957,,,0
846677286,43.514483,1.3197712,0
846677288,43.5146493,1.3195131,0
885191288,,,0
885293262,,,0
886018453,,,0
893355257,,,0
947016411,,,0
947016412,,,0
1091598653,43.5525569,1.3553301,0
1091598654,43.5526074,1.3552267,0
1300886207,,,0
1311038919,,,0
1315586678,,,0
282222778,43.5407414,1.4818139,0
286216616,43.5557657,1.4665332,0
439219972,43.5845835,1.4277572,0
448395611,43.5965606,1.4234538,0
448395619,43.5970235,1.4260607,0
448395621,43.5971792,1.4273152,0
448395633,43.5980969,1.4315176,0
448395635,43.5978794,1.4318301,0
448395638,43.5966979,1.4363234,0
450531281,43.575092,1.4205917,0
470895892,43.5982535,1.4455446,0
470895894,43.5952779,1.4453709,0
470895896,43.5950705,1.4448922,0
490655062,43.5094525,1.4742103,0
606937898,43.5787552,1.4964933,0
657890079,43.5890015,1.4570637,0
657890081,43.589319,1.4565704,0
657899315,43.5911808,1.4252221,0
659543430,43.5867309,1.4066643,0
659543431,43.5864956,1.4064577,0
659553724,43.5888726,1.4127729,0
661008615,43.5809606,1.4380674,0
661008616,43.581748,1.4388318,0
661010440,43.5774142,1.436897,0
661125181,43.5903914,1.4606388,0
682054969,43.5777313,1.4857629,0
686774218,43.5757207,1.4886886,0
686774245,43.5755721,1.4886864,0
686774257,43.5775782,1.4857146,0
704479026,43.549707,1.486379,0
767886671,43.5987617,1.4375182,0
803364324,43.5682108,1.4573678,0
803392225,43.5763151,1.4511521,0
803408475,43.5805647,1.4492993,0
803408593,43.5804982,1.4495484,0
858150760,43.5171663,1.497872,0
873836126,43.5385801,1.4807203,0
884754187,43.5826723,1.4731476,0
886938299,43.5700486,1.4737202,0
886938342,43.5696585,1.4730136,0
892002980,43.5525245,1.4689745,0
921529461,43.5495526,1.4709461,0
927839415,43.5409422,1.4787147,0
927840302,43.5408525,1.4789383,0
929119678,43.519142,1.4968637,0
929873589,43.5169756,1.4981459,0
930021272,43.5195292,1.4964062,0
932225178,43.5282159,1.4819794,0
932240794,43.5262594,1.4865718,0
993687682,43.5477451,1.4724511,0
993687686,43.5457942,1.4749527,0
993687688,43.5454486,1.4751904,0
993687691,43.548133,1.4722104,0
1057750229,43.5843005,1.4277601,0
1057756274,43.581582,1.4254989,0
1073554463,43.5987985,1.4303026,0
1148214213,43.5963824,1.4538611,0
1148214235,43.5921933,1.4445243,0
1148214248,43.5928345,1.4440878,0
1148214252,43.593955,1.4334868,0
1148214279,43.5974298,1.4309141,0
1148214286,43.595475,1.4323767,0
1148214303,43.5955704,1.4326025,0
1148214317,43.5970773,1.4311748,0
1148214333,43.5939844,1.4337779,0
1149065197,43.5661456,1.4589365,0
1149065200,43.5996918,1.4409577,0
1149065206,43.5639867,1.4613441,0
1149065213,43.5906053,1.4524086,0
1149065214,43.5906852,1.4523253,0
1149065219,43.5836198,1.4564618,0
1149065221,43.5926014,1.4526265,0
1149065232,43.5954817,1.4540793,0
1149065235,43.5841866,1.4557339,0
1149065237,43.5741153,1.4520807,0
1149065240,43.5795509,1.4595265,0
1149065248,43.5929255,1.4532897,0
1149065251,43.5667149,1.4587131,0
1149065255,43.5886179,1.4510773,0
1149065258,43.5681747,1.457159,0
1149065266,43.5732976,1.4520742,0
1149065269,43.5999139,1.4415192,0
1149153863,43.5924124,1.4275646,0
1149153872,43.5954773,1.4312976,0
1149153875,43.5938412,1.4296879,0
1149153887,43.5933588,1.4308262,0
1149153888,43.5919879,1.4266945,0
1152145833,43.5800743,1.4802954,0
1152145834,43.5878919,1.459526,0
1152145852,43.5813349,1.4763847,0
1152145856,43.5798938,1.4804656,0
1152145864,43.5856304,1.4658871,0
1152145866,43.5842653,1.4692101,0
1152145872,43.5882612,1.4590284,0
1152145874,43.5813547,1.4760796,0
1155529334,43.5971324,1.481898,0
1155529412,43.5998469,1.4780451,0
1155529422,43.5976434,1.4815669,0
1155529466,43.5994375,1.479056,0
1175048589,43.596127,1.4844717,0
1184778691,43.5837794,1.4929335,0
1203848236,43.5958714,1.4732698,0
1203848237,43.5809342,1.494628,0
1203848239,43.5870156,1.4910963,0
1203848246,43.5868132,1.4909332,0
1248910677,43.5987226,1.4373679,0
1248910802,43.5986391,1.437331,0
1258117163,43.5938002,1.41824,0
1258306019,43.5488651,1.477577,0
1297647821,43.5814174,1.4853677,0
1317187118,43.5796622,1.41176,0
1333727301,43.5523223,1.4537167,0
1333727316,43.5533414,1.4568495,0
1333727320,43.5545661,1.4565981,0
1347840598,43.5764762,1.4704903,0
1378039077,43.5594288,1.4248098,0
1378039091,43.5594379,1.4246561,0
1424155605,43.5788919,1.4231748,0
1425131877,43.5815626,1.4253018,0
1580792636,43.5876526,1.4800904,0
1580792637,43.5868925,1.4817815,0
1668672185,43.5645583,1.478262,0
1668672192,43.5645954,1.4623443,0
1668672196,43.5647953,1.4623364,0
1668672214,43.5679866,1.4643319,0
1668672215,43.566365,1.4755114,0
1668672216,43.5665282,1.4755915,0
1668672252,43.5600611,1.4635764,0
1668719816,43.57666,1.4792227,0
1668719819,43.5774956,1.4796977,0
1668719847,43.5843235,1.4773651,0
1668719851,43.5842683,1.4776089,0
1668719853,43.5892794,1.4714765,0
1668719862,43.5887442,1.4720092,0
1668719888,43.5866877,1.4745918,0
1668719889,43.5861718,1.4749671,0
1668719893,43.5940632,1.4729004,0
1668719894,43.5944069,1.4732164,0
1668719913,43.5799174,1.4813396,0
1668719914,43.5799794,1.4815025,0
1673618099,43.5481098,1.419918,0
1704177915,43.5896285,1.4143917,0
1718430622,43.5146043,1.4994946,0
1718431828,43.5376512,1.4445701,0
1718476673,43.5216242,1.4401512,0
1718477529,43.586843,1.4394491,0
1718477544,43.5858783,1.4393601,0
1718478057,43.5551105,1.4035198,0
1718479263,43.5709057,1.4635055,0
1718482784,43.5916777,1.4802792,0
1718482883,43.5999404,1.4841547,0
1718482898,43.5998785,1.4843544,0
1718490495,43.5826431,1.4825058,0
1718490556,43.5829484,1.4819955,0
1718491046,43.5497207,1.4574584,0
1718493533,43.5823061,1.4577313,0
1718494079,43.5903237,1.4699958,0
1718494438,43.5888363,1.4403316,0
1718494458,43.5881146,1.4395052,0
1718494562,43.5890692,1.4459726,0
1718494579,43.5892043,1.4460535,0
1718495144,43.5854719,1.4125334,0
1718495336,43.5755965,1.4556125,0
1718495665,43.5960859,1.4625782,0
1718495675,43.5964295,1.4619408,0
1718496201,43.5921474,1.40016,0
1718496429,43.5575129,1.4299863,0
1718496459,43.5575632,1.4305108,0
1718496876,43.5989976,1.4726547,0
1718500837,43.5737173,1.4488034,0
1718501386,43.5776231,1.4504502,0
1718501468,43.5776222,1.4506409,0
1718503542,43.5977078,1.4586386,0
1718503549,43.5976251,1.4584984,0
1718503607,43.5763833,1.4122517,0
1718503709,43.5919285,1.478097,0
1718503913,43.5928704,1.4040819,0
1718503924,43.5929749,1.4038694,0
1718508999,43.5790974,1.490803,0
1718509165,43.5975849,1.4520169,0
1718510371,43.5929458,1.4104843,0
1718510408,43.5928262,1.4106219,0
1718513058,43.5924939,1.4672427,0
1718513096,43.5926533,1.4671981,0
1718514487,43.5837482,1.4480761,0
1718515286,43.5982484,1.41881,0
1718515613,43.58399,1.4428732,0
1718515657,43.5838127,1.4433388,0
1718522371,43.5934263,1.473573,0
1718522490,43.5976309,1.4037834,0
1718522502,43.5975889,1.4036116,0
1718522927,43.5705734,1.4199128,0
1718522965,43.5703789,1.4203659,0
1718523160,43.5846045,1.4859618,0
1718523173,43.5850755,1.4853135,0
1718524289,43.5901894,1.489662,0
1718524327,43.5708395,1.4168052,0
1718524350,43.5715303,1.4177754,0
1718524576,43.5565475,1.4241145,0
1718524587,43.5565363,1.4239865,0
1718524722,43.5944624,1.4119572,0
1718524747,43.5945244,1.413169,0
1718524873,43.5874654,1.461472,0
1718524881,43.587057,1.4620879,0
1718526144,43.553385,1.4225896,0
1718526169,43.5530677,1.4222001,0
1718526237,43.5741889,1.411983,0
1718526247,43.5739156,1.4126199,0
1718530484,43.5934241,1.4071202,0
1718530486,43.5937709,1.4083207,0
1718541903,43.5743503,1.4575219,0
1718543188,43.5903676,1.483254,0
1718544661,43.5942565,1.4018203,0
1718544693,43.5941222,1.4016948,0
1718545715,43.5726965,1.4072292,0
1718547430,43.5707885,1.4991401,0
1718547443,43.571599,1.4978643,0
1718547911,43.5797328,1.4844505,0
1718547925,43.5797158,1.4842722,0
1718548608,43.5771005,1.4399791,0
1718548629,43.5772314,1.439919,0
1718548796,43.5944542,1.4570907,0
1718549618,43.5746146,1.4466459,0
1718550201,43.5583427,1.401451,0
1718550212,43.5581151,1.4015895,0
1718550729,43.5698696,1.4227706,0
1718550757,43.5697293,1.4228628,0
1718551153,43.5950454,1.415238,0
1718552891,43.5586272,1.4974505,0
1718556078,43.5964962,1.4732633,0
1718556599,43.5566331,1.4009226,0
1718556706,43.5827693,1.4627364,0
1718557118,43.5801109,1.4664509,0
1718557136,43.5804102,1.4660828,0
1718567292,43.5517758,1.4573161,0
1718567458,43.5483943,1.4543741,0
1718568756,43.5768964,1.4418545,0
1718568934,43.5728871,1.4241531,0
1718568947,43.5734801,1.4242873,0
1718569020,43.5738803,1.4914336,0
1718569041,43.5737596,1.4913816,0
1718570571,43.5754116,1.4720473,0
1718570707,43.5714602,1.4244735,0
1718570718,43.5702977,1.4243066,0
1718570740,43.5978157,1.4849511,0
1718570798,43.561149,1.458094,0
1718570800,43.5614137,1.456835,0
1718570822,43.5996541,1.4155778,0
1718570824,43.5765643,1.4238217,0
1718570826,43.576151,1.4241504,0
1718588561,43.5432557,1.4773269,0
1718588562,43.5436513,1.4772776,0
1718588614,43.5510727,1.4842437,0
1718588671,43.5507355,1.4703152,0
1718588674,43.5540186,1.4741428,0
1718588715,43.5515316,1.4757713,0
1718588718,43.537943,1.4748433,0
1718588747,43.5354984,1.4731723,0
1718598814,43.5284115,1.4093806,0
1718600141,43.540022,1.409575,0
1718600183,43.5402993,1.4100227,0
1718607909,43.5320587,1.4120316,0
1718608034,43.5322266,1.4119755,0
1718608416,43.5420707,1.4152273,0
1718608747,43.532062,1.4055422,0
1735379377,43.586418,1.4471528,0
1735379390,43.5858053,1.4472546,0
1735391979,43.5933534,1.4425477,0
1735391985,43.5936063,1.4423224,0
1735395810,43.5944993,1.452379,0
1735499783,43.5772362,1.4376072,0
1735507582,43.5812974,1.4854574,0
1735507661,43.5763336,1.489929,0
1735649398,43.5637188,1.425252,0
1735669204,43.5854668,1.4660229,0
1737022939,43.588531,1.4115403,0
1737029788,43.5843869,1.4000279,0
1737041676,43.5863166,1.4826253,0
1737072738,43.5552272,1.4570246,0
1737082706,43.5758146,1.4511623,0
1737101674,43.5991262,1.4404307,0
1737124430,43.5786879,1.4236196,0
1737124484,43.5785279,1.4238441,0
1737124619,43.5788054,1.4232698,0
1737130489,43.5736772,1.4650415,0
1737144045,43.562734,1.4602911,0
1737160610,43.5994198,1.4545414,0
1737186016,43.557774,1.4269316,0
1737195082,43.5840446,1.4694945,0
1737241953,43.576489,1.4702576,0
1737242129,43.5852584,1.45306,0
1737376953,43.5375554,1.4819198,0
1737377569,43.5406823,1.4817095,0
1737383920,43.5490828,1.4795655,0
1737386937,43.5529154,1.4688694,0
1737387935,43.5383791,1.4807149,0
1740719435,43.5932485,1.4449348,0
1740730142,43.5797324,1.4415399,0
1740738978,43.5559452,1.477191,0
1740738979,43.5558354,1.4773981,0
1740738981,43.5559736,1.4774201,0
1740738982,43.5558036,1.4771529,0
1740738983,43.5559179,1.4780467,0
1740738984,43.5558871,1.477759,0
1740802540,43.5602342,1.4635118,0
1740802564,43.5602383,1.4635685,0
1740802569,43.5605302,1.4634741,0
1740802579,43.5604041,1.4635044,0
1740802588,43.5600232,1.4636413,0
1740802602,43.5603994,1.4634489,0
1740802625,43.5612898,1.4627476,0
1740810404,43.5936552,1.4182986,0
1740810407,43.5934966,1.4185945,0
1740810416,43.5936105,1.4186611,0
1740810427,43.593767,1.4180517,0
1765356659,43.5637238,1.4253832,0
1860927827,43.5657341,1.4458536,0
1860927828,43.5657566,1.4459223,0
1860927830,43.565779,1.4459906,0
1860927841,43.565815,1.4461002,0
1883854836,43.5922639,1.4505828,0
1928079378,43.5834233,1.4069365,0
1998508204,43.5376024,1.4820097,0
2017156845,43.5755401,1.4806761,0
2054863749,43.5964477,1.4237125,0
2182303507,43.5477624,1.4194683,0
2213505689,43.556022,1.4777764,0
2213550778,43.5634974,1.4964701,0
2213554404,43.5636019,1.4964936,0
2213561978,43.585521,1.4277471,0
2213570787,43.5744813,1.4627088,0
2213571007,43.5738345,1.4633631,0
2213606746,43.5816626,1.4869043,0
2214175954,43.555928,1.4768603,0
2215887727,43.5667985,1.4249766,0
2215891419,43.5668057,1.425108,0
2216389814,43.5536663,1.4846821,0
2217007825,43.5588688,1.4733396,0
2217007988,43.5589362,1.473434,0
2217008020,43.5613807,1.4709097,0
2217008632,43.5614908,1.4709696,0
2217009002,43.564635,1.468669,0
2217009225,43.5645906,1.4688199,0
2217009752,43.5642194,1.4743433,0
2217010213,43.5641052,1.4742869,0
2217011362,43.5645987,1.4781169,0
2217011894,43.5626051,1.4809925,0
2217011932,43.5624896,1.4809382,0
2217012526,43.5640431,1.4904645,0
2217012552,43.5639411,1.490558,0
2217012992,43.5655139,1.4999448,0
2217013029,43.5656057,1.4998422,0
2217024709,43.573725,1.4941919,0
2217025290,43.5712291,1.4922989,0
2314305419,43.5578564,1.4270102,0
2314470067,43.5703832,1.4084191,0
2314473851,43.5705821,1.4087902,0
2314519084,43.5468697,1.4662113,0
2327413051,43.5684653,1.4077108,0
2327962158,43.5611849,1.4628073,0
2328102167,43.5444625,1.4639114,0
2329336079,43.5545923,1.4672039,0
2329492242,43.5344125,1.484735,0
2330816365,43.5843947,1.4002611,0
2331985308,43.5231585,1.4943834,0
2481983258,43.596488,1.4838624,0
2481983277,43.5916155,1.4898155,0
2481984520,43.5952561,1.4872225,0
2482906799,43.5890553,1.4223514,0
2482925537,43.5223285,1.4229929,0
2482932390,43.5300966,1.4583305,0
2482933031,43.5175971,1.4628688,0
2482937356,43.5944309,1.4974446,0
2482937422,43.5945649,1.4973155,0
2483297656,43.5553181,1.431803,0
2574974479,43.5953929,1.4172855,0
2612654655,43.5546031,1.4682632,0
2612662537,43.5605602,1.4633798,0
2974102433,43.5937168,1.4186781,0
2977250140,43.5735838,1.4646692,0
3266629550,43.543131,1.4899741,0
3306611868,43.5946203,1.4886621,0
3536943077,43.5954794,1.4016273,0
3793154570,43.5805125,1.4416598,0
3793160957,43.5800805,1.4419004,0
3793178860,43.5944267,1.435363,0
3793308559,43.5550807,1.4299551,0
3793308562,43.5550355,1.4267,0
3793321560,43.5553616,1.4266146,0
3854147632,43.5576359,1.4486979,0
4413177465,43.5636776,1.4552867,0
5091431389,43.5907331,1.4697372,0
5130329236,43.5560604,1.4780534,0
5165218706,43.5743934,1.4628708,0
5193896281,43.5557183,1.4767727,0
5225449261,43.5826175,1.4730102,0
5247160271,43.5947616,1.498066,0
5253844779,43.5948393,1.4494872,0
5255526169,43.5903823,1.4538286,0
5255526172,43.5911293,1.4535225,0
5330112221,43.5855681,1.4278482,0
5330112222,43.5856493,1.4279344,0
5337887104,43.5603843,1.4637462,0
6054782002,43.5715561,1.4177257,0
6582272889,43.560256,1.4637904,0
7018027189,43.5575008,1.4635911,0
7046204496,43.5574893,1.4630243,0
7077862885,43.5506299,1.4212315,0
7077862886,43.5503444,1.4208399,0
7329057643,43.5516658,1.4510777,0
7858265373,43.5946188,1.4886773,0
7869999765,43.540939,1.476738,0
7869999766,43.540151,1.476368,0
7876387930,43.54237,1.415766,0
7881275255,43.5964581,1.4540657,0
7881275369,43.5845488,1.4618623,0
7881275484,43.571709,1.477026,0
7891386419,43.5977335,1.4203842,0
7899855311,43.56065,1.4636352,0
7899855314,43.560643,1.463428,0
7902352792,43.5938638,1.4185846,0
8325630796,43.5509123,1.4995372,0
8325630797,43.5508424,1.4995208,0
8325630798,43.5508128,1.4994189,0
8375532381,43.5676012,1.4643972,0
8658105610,43.5494606,1.4708575,0
8722181771,43.5638026,1.4741715,0
8724105657,43.5638502,1.4740937,0
8764023182,43.5637807,1.4741307,0
9228667758,43.5740653,1.4830746,0
9861086693,43.5335417,1.4766772,0
9861086694,43.5335274,1.4766772,0
9985880571,43.5961067,1.4474985,0
9985880573,43.579748,1.441688,0
9986529899,43.555286,1.427793,0
9986529900,43.5548476,1.4286201,0
10846156939,43.5732523,1.4841638,0
10846156943,43.5718282,1.4864346,0
10846156947,43.5797312,1.4831731,0
11124533473,43.5332175,1.4029146,0
11170182857,43.5732679,1.4841444,0
11170529534,43.5604733,1.4632133,0
11328945345,43.5845928,1.4233369,0
11328945346,43.5844957,1.4234817,0
11329054400,43.5847566,1.422272,0
11329054401,43.5848207,1.4222854,0
11329054402,43.5849256,1.4224584,0
11329054403,43.5849645,1.4223941,0
11846391534,43.5869596,1.4938826,0
11846391535,43.5869884,1.4938767,0
11846391536,43.5870147,1.4938707,0
11846391537,43.5870372,1.4938662,0
11846391714,43.5852869,1.4923367,0
11846391715,43.5853541,1.4924822,0
11846391716,43.5853328,1.4923987,0
12192452870,43.5571984,1.4490515,0
12192452875,43.5574672,1.4491519,0
12192452876,43.5575392,1.4485994,0
12214288273,43.5796728,1.4373202,0
12310336631,43.5509375,1.4503728,0
12310336632,43.5508627,1.4503044,0
12310336633,43.5510201,1.4501213,0
12310336634,43.5516306,1.4510816,0
12465050755,43.5885325,1.4860072,0
12466764899,43.5968902,1.491021,0
12470369528,43.5971977,1.4373108,0
12470369538,43.5970397,1.4370862,0
12470369539,43.5972479,1.4371844,0
12803186671,43.5892324,1.4860376,0
12803186675,43.5893394,1.485485,0
12803186677,43.5892507,1.485012,0
12803186682,43.5889474,1.4845491,0
13031390856,43.5999584,1.4073836,0
13031390857,43.5999703,1.4073231,0
13087601790,43.5727685,1.4756304,0
13087601791,43.572703,1.4758188,0
13087601792,43.5725762,1.4761581,0
13131463038,43.5768493,1.4704103,0
13131463039,43.57708,1.4703781,0
13136383532,43.5752426,1.476202,0
13136383534,43.5768039,1.4735614,0
13136383537,43.5751552,1.4761631,0
13136383538,43.576973,1.4734769,0
13155782003,43.5312388,1.4061226,0
15854654,,,0
15854655,,,0
34822054,43.5795034,1.450031,0
34822077,43.5794414,1.4500664,0
73843059,,,0
204098888,,,0
204098889,,,0
240628815,,,0
240628816,,,0
240628818,,,0
243479703,,,0
243479704,,,0
243687843,,,0
339151969,,,0
339151970,,,0
346982957,,,0
347356275,43.5938974,1.4187695,0
347356277,43.5935252,1.4181415,0
347356278,43.5936327,1.4181587,0
349350539,43.593433,1.4182816,0
349885433,43.5928016,1.417749,0
368348919,,,0
368348920,,,0
368349483,,,0
368349484,,,0
368350822,,,0
368350823,,,0
413343732,,,0
413345760,,,0
443431512,43.5408976,1.4816891,0
443431524,43.5406771,1.4818186,0
531425199,,,0
531425200,,,0
531425214,,,0
531425215,,,0
531559657,43.5644964,1.4781211,0
531559658,43.5646533,1.4782653,0
531837453,43.5645382,1.4686751,0
532147380,43.5639459,1.4903101,0
532147381,43.5640462,1.4907076,0
532978119,43.5611364,1.4628104,0
532978122,43.5601417,1.4635117,0
532978125,43.5601512,1.4636355,0
532978128,43.5602884,1.4635753,0
532978132,43.5604712,1.4633888,0
532978135,43.560307,1.4634486,0
532978138,43.560485,1.4635051,0
532978141,43.5599216,1.4635809,0
533353610,,,0
533353615,,,0
533388456,,,0
533388466,,,0
536043414,,,0
536065660,43.5560419,1.4776762,0
536065661,43.556075,1.4779079,0
536065662,43.5559877,1.4772682,0
536065663,43.5559576,1.4770368,0
536065664,43.5559005,1.4766144,0
536065665,43.5559008,1.4782143,0
536065666,43.5558692,1.4779867,0
536065667,43.5557878,1.4773289,0
536065668,43.5557302,1.4769312,0
536065669,43.5558252,1.4776417,0
537142340,,,0
537142343,,,0
537142346,,,0
537142347,,,0
538965482,,,0
538965483,,,0
538965484,,,0
538965485,,,0
543063856,43.5344049,1.4846125,0
543063857,43.5343186,1.4847974,0
543635694,43.5614799,1.4708346,0
543635695,43.5613823,1.4710471,0
551116909,43.557833,1.4270754,0
551466910,43.5668558,1.4249974,0
551466911,43.5667335,1.4250934,0
551466914,43.5636822,1.4253604,0
551466915,43.5637847,1.4252699,0
551510815,43.5551407,1.4317589,0
551676071,43.5550566,1.4300324,0
551676076,43.5550388,1.4266025,0
552352141,43.5593381,1.4247616,0
552352148,43.559541,1.4247023,0
552352163,43.5575369,1.430555,0
552352167,43.5575248,1.4299662,0
552411825,43.5526484,1.4689212,0
552411826,43.5527896,1.4689285,0
552411829,43.5547099,1.4671254,0
552411831,43.5556484,1.4666503,0
552921872,43.5232268,1.4943342,0
552921873,43.5231461,1.4945143,0
598264583,43.5645863,1.4686248,0
598379821,43.5624964,1.4810749,0
598379822,43.5625965,1.4808543,0
598379824,43.5641091,1.4744163,0
598379825,43.5642155,1.4742024,0
654276164,,,0
654276165,,,0
654276166,,,0
654276167,,,0
700898626,43.5308972,1.4874926,0
771044325,,,0
771044402,,,0
771044452,43.5928842,1.4177661,0
835514905,,,0
844371688,43.5308563,1.487398,0
844371700,43.5280158,1.4899701,0
844371701,43.5279679,1.4898816,0
846860390,,,0
847803481,,,0
847803482,,,0
875346387,,,0
875346388,,,0
875351847,,,0
875831949,,,0
875831950,,,0
1108396758,,,0
1108396759,,,0
1157956256,,,0
1185107951,,,0
1222118998,,,0
1235495414,,,0
1238707219,,,0
1316954516,,,0
1323238511,,,0
1326271353,,,0
1379899742,,,0
1379899746,,,0
1381179590,,,0
1381179591,,,0
1382322045,,,0
1382322049,,,0
1382331235,,,0
1382331238,,,0
1384271962,,,0
1384271963,,,0
1384288442,,,0
1384288443,,,0
1385726552,,,0
1385726553,,,0
1385764745,,,0
1385764748,,,0
356770528,43.5489772,1.5131421,0
356770532,43.5487412,1.5132808,0
356791294,43.5464687,1.5105801,0
364157604,43.5495113,1.5060528,0
445418725,43.56942,1.5169466,0
445427674,43.5657871,1.5194479,0
445427677,43.5649706,1.5193386,0
445821881,43.5395368,1.5126345,0
445821883,43.5379166,1.5164612,0
482421487,43.5495377,1.5384627,0
490171176,43.5383195,1.5320318,0
490171179,43.5366515,1.5345005,0
490171185,43.5359556,1.5350445,0
490171194,43.5344273,1.5374033,0
493161920,43.5182844,1.5046058,0
493161925,43.520919,1.5109157,0
501848604,43.5529334,1.5334985,0
503196302,43.5523111,1.5419429,0
503311798,43.5789484,1.5308853,0
503863155,43.5693023,1.5170594,0
508366247,43.5579257,1.5689869,0
508387856,43.5513707,1.5664584,0
519720399,43.5453515,1.5103739,0
542637782,43.5365686,1.557627,0
558922505,43.5604854,1.5299203,0
558922529,43.5597662,1.5342669,0
558922569,43.5582127,1.5388175,0
598708027,43.5210878,1.5052239,0
631816192,43.554537,1.5322481,0
631816239,43.5570559,1.5423341,0
631816240,43.556798,1.5435296,0
634916289,43.5261556,1.5647678,0
634916291,43.5264071,1.5640675,0
635289724,43.5203563,1.5636064,0
636023983,43.5141686,1.5557266,0
751970571,43.5863786,1.5782342,0
761072658,43.5999842,1.5069611,0
999372988,43.5057154,1.5151915,0
1214062338,43.5541177,1.5068524,0
1223877314,43.5411586,1.5225976,0
1223877336,43.54849,1.506638,0
1264175031,43.5866301,1.5338821,0
1264175057,43.5857736,1.5256294,0
1397611733,43.5331173,1.5438205,0
1397638991,43.5693579,1.5811386,0
1467585800,43.5532132,1.5431709,0
1467939104,43.5633607,1.5184211,0
1693280599,43.5498706,1.5024331,0
1718380227,43.5008062,1.5164864,0
1718400177,43.5026272,1.5089086,0
1718400279,43.5035372,1.5106629,0
1718410365,43.5833309,1.5338187,0
1718410414,43.5796688,1.510427,0
1718410432,43.5796845,1.5106573,0
1718411840,43.5872882,1.5390075,0
1718424771,43.5083026,1.5071287,0
1718424794,43.5084626,1.5066698,0
1718430283,43.5213128,1.5129031,0
1718430386,43.5171777,1.5022248,0
1718430705,43.5236971,1.5891917,0
1718447983,43.5859137,1.5859951,0
1718453522,43.5974668,1.5025227,0
1718454429,43.5985867,1.5003837,0
1718470075,43.5109395,1.5551771,0
1718470727,43.5262793,1.5397812,0
1718481288,43.5686786,1.5039603,0
1718481355,43.5689482,1.5036098,0
1718577383,43.5555779,1.5263359,0
1718577384,43.5558399,1.5206668,0
1718577415,43.557977,1.5189955,0
1718577610,43.541696,1.544463,0
1718577619,43.5425359,1.543148,0
1718583694,43.5692405,1.5940247,0
1718583799,43.5944013,1.5594461,0
1718583816,43.5865694,1.568136,0
1718583827,43.5882984,1.566035,0
1718583885,43.5945656,1.5618533,0
1718583940,43.59315,1.5592901,0
1718584076,43.5988306,1.5473389,0
1718584158,43.5939566,1.5574165,0
1718610498,43.5423058,1.5325215,0
1718610621,43.5353017,1.5200876,0
1718610751,43.5428061,1.5205963,0
1718610905,43.5412909,1.522471,0
1718611726,43.5294104,1.5309598,0
1718612206,43.5481055,1.5079702,0
1718612346,43.533181,1.5329059,0
1718617343,43.5052092,1.5675568,0
1734069838,43.5138286,1.5045367,0
1735216010,43.5963688,1.505876,0
1735331377,43.5180787,1.546482,0
1735357615,43.5559817,1.5035659,0
1735636657,43.5617075,1.5022439,0
1737247388,43.5401117,1.5473602,0
1737249993,43.5546802,1.5318764,0
1737276181,43.5519015,1.5340533,0
1737278607,43.5637583,1.5184597,0
1737653993,43.5342125,1.5369079,0
1738449452,43.5442302,1.5188331,0
1738457160,43.5396985,1.5125773,0
1738457769,43.5467546,1.5157951,0
1738461288,43.5278808,1.5381981,0
1738462021,43.5489454,1.506202,0
1738462474,43.5390514,1.5146858,0
1738472305,43.5436421,1.5118582,0
1739542598,43.5856881,1.5250471,0
1772369726,43.5562337,1.5480729,0
1779578673,43.5650016,1.5288956,0
2216243889,43.5601615,1.5180397,0
2216248940,43.5557319,1.5206248,0
2216275990,43.5404896,1.547758,0
2216353478,43.546024,1.5383718,0
2216390817,43.5567091,1.5294602,0
2216390818,43.5568635,1.5294215,0
2217018533,43.5655509,1.5124336,0
2217018538,43.5632007,1.5173958,0
2217018579,43.5634226,1.5174481,0
2217020715,43.5534262,1.5268355,0
2328123060,43.5561943,1.5034394,0
2482936778,43.5868865,1.5789997,0
2482936779,43.5869917,1.5794929,0
2915027894,43.57893,1.5997913,0
4858981425,43.5085726,1.5069011,0
5082983893,43.5676146,1.5060884,0
5082983894,43.5673034,1.507374,0
5082983895,43.5648881,1.5190507,0
5083000925,43.5701379,1.5085968,0
5147892259,43.5933899,1.5042438,0
5147892276,43.5888657,1.5158638,0
5147892297,43.5887613,1.5158625,0
5148438245,43.5796836,1.5385392,0
5148444401,43.5796933,1.5387364,0
5192313025,43.5336608,1.5539244,0
5211220166,43.5230952,1.5035753,0
5533388078,43.5368607,1.5157695,0
6391862559,43.5963709,1.506112,0
6694261731,43.5397953,1.5481676,0
6694261744,43.5222976,1.5886638,0
6696423259,43.5301348,1.5266145,0
7856539119,43.5824088,1.5123722,0
7856539120,43.582111,1.511976,0
7859225579,43.5082106,1.5069249,0
7873657748,43.547195,1.5653071,0
7873657921,43.505049,1.5673418,0
7881703589,43.5947828,1.5676619,0
7918558425,43.5960592,1.5638656,0
8386611150,43.5357948,1.5315272,0
10834010605,43.530177,1.5246159,0
10834010607,43.5288576,1.5397462,0
11270280635,43.5479007,1.5034349,0
11270280636,43.5478895,1.5033993,0
11270280637,43.5452081,1.5036592,0
11270280638,43.5455503,1.5040582,0
11270280639,43.5451362,1.504423,0
11476489607,43.507509,1.5651013,0
12593259486,43.5368512,1.5157421,0
13015226009,43.5805462,1.5183513,0
13015226010,43.5805311,1.5181187,0
13190792272,43.5669385,1.5079514,0
13198088149,43.5669988,1.5057013,0
13198088150,43.5669418,1.5058304,0
13198088153,43.5670814,1.5063085,0
13198088154,43.5670698,1.5064724,0
31865234,,,0
192593796,,,0
192593797,,,0
530029409,,,0
530029417,,,0
531387295,,,0
531387296,,,0
531387297,,,0
531387298,,,0
534518419,43.5488271,1.5130891,0
534518420,43.5488737,1.5133694,0
534518421,43.5539902,1.5069804,0
534574838,43.5411243,1.5226069,0
534663769,43.538064,1.5163433,0
534663771,,,0
534757534,,,0
534757540,,,0
534757556,43.5389526,1.5148995,0
536484583,43.5405556,1.5477385,0
653464567,,,0
653464569,,,0
654446624,,,0
654446626,,,0
1279169875,,,0
1332982849,,,0
498493652,43.5312898,1.6225131,0
501564496,43.504786,1.6201503,0
1397587172,43.5457015,1.6176131,0
1397588804,43.5442856,1.6048332,0
1718448056,43.5948562,1.6067941,0
2185698495,43.5691482,1.6267727,0
2185702394,43.5713063,1.6211851,0
2185702603,43.5710633,1.6215143,0
2187322198,43.564439,1.6395606,0
2915027891,43.5611559,1.660008,0
2915027892,43.5613683,1.6599397,0
2915027893,43.5773481,1.6032685,0
2915027895,43.5790271,1.6000086,0
6649604333,43.562776,1.64767,0
6649604339,43.5613589,1.655037,0
6649604343,43.5554965,1.6735198,0
6649604348,43.546159,1.698495,0
6694261751,43.5043838,1.6124846,0
6694261757,43.5030876,1.6148018,0
6736444785,43.5627519,1.646726,0
9689913058,43.544953,1.6094079,0
9689913067,43.545944,1.6213699,0
9689913074,43.5476671,1.6194809,0
1401034090,43.5872856,1.7225227,0
2917061527,43.5813356,1.7765258,0
2917061528,43.5814938,1.7667493,0
2917061533,43.5954201,1.7032509,0
6649604367,43.5346194,1.7469844,0
6649604368,43.534768,1.746916,0
6649604371,43.531077,1.7557771,0
9635189575,43.5813337,1.7669501,0
2915027860,43.5012826,1.8792763,0
6649604399,43.525466,1.826053,0
6649604400,43.525946,1.833908,0
6649604401,43.5259804,1.8334072,0
6649604408,43.5144333,1.8583713,0
6649604409,43.5140976,1.8584349,0
6649604416,43.5083198,1.8653094,0
7704743001,43.5835222,1.8168817,0
7704743002,43.5753617,1.8605017,0
11832515528,43.575366,1.8604868,0
11832515530,43.5835242,1.816846,0
11812198582,43.5710208,2.0140042,0
11812206110,43.5577594,2.0634473,0
11832479618,43.5572674,2.0951921,0
11832479619,43.5571529,2.0954678,0
11832488313,43.5578157,2.0764974,0
11832488314,43.5579499,2.0760647,0
2576355099,43.5903217,2.19791,0
9405695288,43.586616,2.1776463,0
9666385877,43.5876398,2.1863383,0
9666385878,43.588313,2.1854237,0
9666385881,43.5899691,2.1883044,0
9666385883,43.5903878,2.190084,0
11812206112,43.584784,2.1656094,0
11828262897,43.5835156,2.1572868,0
11828262898,43.58357,2.1566364,0
11828821308,43.5751251,2.141583,0
11828821309,43.5754773,2.1424614,0
11831659759,43.5618439,2.1212048,0
11831659760,43.561001,2.1201999,0
11832466024,43.55429,2.1157895,0
11832466025,43.5542528,2.1155899,0
12698908810,43.552711,2.1771051,0
259960769,,,0
259962200,,,0
901273466,,,0
901280088,,,0
1273877825,,,0
1786249126,43.5829968,2.2556341,0
1786249135,43.585066,2.2587244,0
2453699748,43.5977318,2.2296437,0
2454993864,43.5951033,2.2237618,0
2463348448,43.5930591,2.2171088,0
2463348449,43.5932121,2.2169492,0
4210802065,43.5392502,2.2645025,0
4210802068,43.5392715,2.2643553,0
9666385907,43.5958455,2.2278978,0
9666385908,43.5957533,2.2278093,0
9666385910,43.5949364,2.2297807,0
9666385912,43.5945266,2.2301857,0
9666398722,43.5929754,2.2332743,0
9666398723,43.5931085,2.2332904,0
9666398731,43.5953842,2.2367088,0
9666398733,43.59718,2.2379588,0
9668366003,43.5850296,2.2481646,0
9668366008,43.5895408,2.2409695,0
9668366010,43.5884393,2.2409226,0
9668367718,43.587327,2.2454984,0
9668367727,43.5875009,2.2504176,0
9668367729,43.5891377,2.2504726,0
9668367730,43.5892329,2.2505343,0
9668367734,43.5910911,2.2468677,0
9668367738,43.5905024,2.2489344,0
9668367744,43.5928336,2.2441734,0
9668367748,43.5942177,2.2428538,0
9668367756,43.5988331,2.2312908,0
9692832553,43.5965818,2.2461475,0
9692832558,43.5945402,2.2472553,0
9692832562,43.5930755,2.2489987,0
9692832564,43.5940914,2.2511338,0
9692832568,43.5953152,2.2528933,0
9692832573,43.5932105,2.2551182,0
9692832576,43.5918827,2.2550176,0
9692832577,43.5896943,2.2557874,0
9692832579,43.5894466,2.2560757,0
9692832581,43.5872678,2.2566068,0
9692832591,43.5825884,2.2564365,0
9692832593,43.5812545,2.2548433,0
9692832595,43.5814556,2.2524829,0
9692832597,43.5822192,2.2511619,0
9692832598,43.5823844,2.2480854,0
9714327536,43.5983682,2.2300758,0
9714327580,43.5930036,2.2450612,0
9714327582,43.5926151,2.2473358,0
9714327585,43.5929667,2.2518606,0
9714327587,43.5914262,2.2540775,0
9714327589,43.5916622,2.2542317,0
9720021884,43.5999655,2.2197103,0
9720149429,43.5755302,2.2835818,0
9720149444,43.5760607,2.271304,0
9720149447,43.577793,2.2684877,0
9720149451,43.5920517,2.2672384,0
9720149453,43.5929434,2.2661957,0
9720149455,43.5961389,2.2650263,0
9720149457,43.5963292,2.265096,0
9720149459,43.5980493,2.2666356,0
9720149461,43.5981843,2.2665524,0
9720149463,43.5987534,2.2647339,0
9720149465,43.5989069,2.2645783,0
9732030421,43.5428618,2.2696619,0
9748713406,43.533863,2.2751825,0
9748713411,43.5339174,2.2741672,0
9748779722,43.5369887,2.2630374,0
9748779743,43.5464505,2.2727805,0
9748779750,43.5657633,2.2630451,0
9748779752,43.5962457,2.2624916,0
9748779754,43.5965196,2.2616762,0
9748779757,43.5976093,2.259914,0
9748779759,43.5982736,2.2583556,0
9748779761,43.598767,2.2577092,0
12041143950,43.598388,2.2301406,0
954673938,,,0
4529057318,43.5202258,2.3515949,0
9720149421,43.5681263,2.3102295,0
9720149423,43.5687783,2.308643,0
9720149427,43.5690504,2.3056068,0
9720256864,43.511673,2.3773156,0
9730118819,43.5055578,2.3822992,0
9730322390,43.5094301,2.3673043,0
9730322394,43.5079536,2.363631,0
9730322396,43.5076705,2.3637289,0
9730322403,43.5067737,2.3669502,0
9730322404,43.5067941,2.3668148,0
9730345547,43.5036805,2.3629269,0
9748713345,43.5037145,2.3627432,0
9748713352,43.5078378,2.3544256,0
9748713354,43.507654,2.3546201,0
9748713356,43.5085839,2.3460625,0
9748713358,43.5083086,2.3438376,0
9748713360,43.5157209,2.317434,0
9748713362,43.5156538,2.3169029,0
9748713372,43.5190975,2.3599818,0
9748713392,43.5200301,2.3518842,0
9748713394,43.5196809,2.3448528,0
9748713396,43.5196411,2.3444009,0
9748713402,43.5178089,2.3090132,0
9748713404,43.5182183,2.3083895,0
6700206384,43.6671838,1.1922997,0
6700218479,43.6612717,1.1866124,0
6700218480,43.6611985,1.1872014,0
6700220327,43.6766216,1.1908894,0
7071759676,43.6399223,1.1663556,0
1352395169,,,0
1352395170,,,0
1718577634,43.6616779,1.2820342,0
1718580885,43.6696365,1.2831131,0
1718582535,43.6654157,1.2974941,0
2139081281,43.6031285,1.2331229,0
2216381345,43.6151464,1.2759909,0
2216383557,43.6154897,1.2501559,0
2974151035,43.6617136,1.2822918,0
5005918425,43.6915858,1.2311929,0
5005931821,43.6960608,1.2241131,0
5124798321,43.6000588,1.2338421,0
8676637088,43.6931576,1.229876,0
8676637089,43.6877368,1.2415107,0
9217231369,43.6088543,1.2346264,0
9217231386,43.6152179,1.2380633,0
9217231387,43.6151243,1.2378781,0
9983259235,43.643015,1.2245557,0
9983259236,43.6426908,1.2249448,0
413355300,,,0
653353060,,,0
954304515,,,0
366910959,43.6377084,1.3654524,0
436494352,43.6271998,1.3849657,0
567059176,43.6092575,1.3449282,0
656653671,43.6087138,1.3406981,0
733939502,43.6175783,1.3086922,0
733940566,43.6204299,1.3100399,0
767065843,43.6169658,1.3086316,0
775296022,43.6054908,1.3339125,0
775312339,43.6084032,1.3265448,0
827981508,43.618026,1.3256895,0
827981512,43.6238558,1.3329632,0
827981514,43.6207851,1.3356246,0
827981517,43.6224147,1.3211871,0
827981527,43.6230927,1.3291732,0
827981530,43.6224253,1.3261246,0
828216606,43.6146914,1.328637,0
828216623,43.6140556,1.3315249,0
828216624,43.6155762,1.3258848,0
828216632,43.6110789,1.3263039,0
829421208,43.6146103,1.3290994,0
829421292,43.613707,1.3311527,0
829490567,43.6112683,1.337272,0
901314869,43.6155877,1.3256864,0
901314912,43.6095597,1.3091245,0
901314919,43.6141718,1.3239927,0
901315046,43.6156929,1.3030747,0
901315051,43.6183872,1.3035434,0
901370940,43.6164725,1.3106386,0
1017907549,43.6104065,1.3289462,0
1017908180,43.6091461,1.3363563,0
1052233293,43.6103973,1.3722057,0
1052233298,43.6091906,1.3667313,0
1052233304,43.6104977,1.3719779,0
1148259773,43.6090784,1.3671762,0
1155632204,43.6067574,1.3691573,0
1214219151,43.6117971,1.3613075,0
1215417638,43.6070333,1.3695947,0
1222455603,43.6701335,1.3739175,0
1228414661,43.6077904,1.3364569,0
1371989074,43.6810537,1.366534,0
1376019625,43.609932,1.3493503,0
1376019627,43.604511,1.3487713,0
1395882347,43.6018852,1.3533832,0
1718450229,43.6167511,1.3308284,0
1718450252,43.6167496,1.3304885,0
1718450348,43.6051632,1.326477,0
1718450350,43.6053766,1.3264571,0
1718450467,43.6022108,1.3254685,0
1718450549,43.6052999,1.3313164,0
1718455896,43.6455623,1.3848397,0
1718455950,43.6489247,1.3824899,0
1718456034,43.6511707,1.3735911,0
1718456052,43.6513691,1.3733405,0
1718456106,43.6428604,1.386727,0
1718456192,43.6308724,1.3972884,0
1718456391,43.6542536,1.3748347,0
1718456392,43.6545417,1.3753073,0
1718456393,43.6333798,1.3973534,0
1718456394,43.6331322,1.3973243,0
1718456772,43.6261754,1.3985192,0
1718457960,43.6354031,1.3960908,0
1718457981,43.6350441,1.3969419,0
1718464813,43.6412718,1.3877987,0
1718465026,43.6476473,1.3694083,0
1718465089,43.6422963,1.368269,0
1718481105,43.6085972,1.3742277,0
1718481149,43.6087159,1.3740514,0
1718491617,43.608366,1.3910268,0
1718496567,43.6172578,1.3983864,0
1718496574,43.6175758,1.3981998,0
1718502277,43.6070207,1.3553208,0
1718512599,43.6085373,1.3775529,0
1718512676,43.6083338,1.3779552,0
1718524550,43.6081463,1.3932534,0
1718524558,43.6079627,1.3933114,0
1718545476,43.6082642,1.3834472,0
1718545501,43.6083312,1.3823352,0
1718545973,43.605849,1.3593134,0
1718546017,43.6057299,1.3592941,0
1718547030,43.6182787,1.3975862,0
1718547070,43.6184719,1.397292,0
1718556204,43.6068662,1.3640898,0
1718556226,43.6068193,1.3639276,0
1718567171,43.6049262,1.3614314,0
1718567205,43.6052617,1.3619198,0
1718580840,43.6615284,1.3056869,0
1718585361,43.6796869,1.3966515,0
1718585442,43.6762404,1.3964424,0
1718585502,43.6831738,1.3835751,0
1718585507,43.6804034,1.3858797,0
1718585592,43.681118,1.3980875,0
1718585607,43.6811326,1.398272,0
1718585609,43.6830561,1.3993588,0
1718587706,43.6910465,1.3565583,0
1718587714,43.6912162,1.3565734,0
1718587816,43.6838968,1.364898,0
1718616286,43.6640347,1.3782348,0
1718617271,43.6670828,1.3773318,0
1718617574,43.6834805,1.3200852,0
1718617603,43.6768052,1.322006,0
1718617861,43.677706,1.3095514,0
1718617916,43.6735123,1.3156011,0
1718618017,43.6716196,1.3226162,0
1718618079,43.6885977,1.3373699,0
1718618165,43.6852416,1.3295357,0
1718625818,43.6498211,1.3236059,0
1718625858,43.650481,1.3335321,0
1718625927,43.6492016,1.3262954,0
1718625930,43.6558245,1.3022914,0
1718626184,43.6585638,1.3128791,0
1718626185,43.6593787,1.3114121,0
1718626325,43.6530452,1.3189313,0
1735170840,43.6174023,1.3192656,0
1735173569,43.6056349,1.335598,0
1735192880,43.6124297,1.3194109,0
1735196024,43.6116627,1.3304682,0
1735196025,43.6113182,1.329672,0
1735197413,43.6088011,1.3545507,0
1735325653,43.6452069,1.3655153,0
1735478834,43.6072444,1.366836,0
1737091886,43.60765,1.3981623,0
1737091889,43.6071541,1.3969632,0
1739492084,43.6374815,1.3904362,0
1739492814,43.6480328,1.3754223,0
1739520659,43.66279,1.3632689,0
1739520660,43.6633064,1.3629451,0
1739520667,43.6630096,1.363135,0
1929258960,43.6137293,1.3971676,0
1929258967,43.6096479,1.3973261,0
2216378402,43.6122509,1.3196058,0
2323945687,43.6092025,1.3628034,0
2974110536,43.6405403,1.3308359,0
2974111337,43.6851707,1.329773,0
2974124334,43.6824525,1.3146551,0
2974127433,43.6861779,1.3328267,0
2974129133,43.6464701,1.3309815,0
2974138133,43.6082016,1.3366507,0
2974153533,43.6526523,1.3280466,0
3480800116,43.6309493,1.3744702,0
3658131318,43.6097592,1.3564212,0
3658131319,43.6099712,1.3563962,0
3658131323,43.6152199,1.3568238,0
3658131324,43.6163006,1.3539078,0
3658131827,43.6181415,1.3500068,0
3658131848,43.6247306,1.3476963,0
3658131912,43.6100432,1.3607166,0
3793008464,43.607113,1.3960071,0
3793154659,43.6934241,1.3545896,0
4443014208,43.6096902,1.3058597,0
4443014209,43.6098343,1.3059924,0
4447269290,43.6092158,1.3345462,0
4448802690,43.6243381,1.3840653,0
4448803090,43.6123153,1.356146,0
4552823992,43.6700538,1.3677274,0
4552824089,43.6623149,1.3876995,0
4604105535,43.6809613,1.3625158,0
4811282221,43.6067283,1.3231724,0
4984824425,43.6629499,1.3808935,0
5095177060,43.6083326,1.3898229,0
5095556354,43.608443,1.3262801,0
5362360778,43.6216199,1.3875268,0
5362360779,43.6126727,1.3687592,0
5362360780,43.6201911,1.3504388,0
5362360781,43.6213176,1.3500143,0
5362360785,43.6282946,1.3499944,0
5362360786,43.6112638,1.3679185,0
5362360788,43.6118627,1.3657779,0
5362360790,43.6141002,1.3574956,0
5595274248,43.6326374,1.3720167,0
5825413922,43.6055005,1.3350864,0
5938408388,43.6087883,1.341395,0
5971633670,43.609362,1.3095805,0
6034791695,43.6316987,1.3752222,0
6034791731,43.6311327,1.374562,0
6034791732,43.631316,1.3747133,0
6034791733,43.6314863,1.3748975,0
6034791734,43.6315975,1.375056,0
6123256779,43.6163516,1.3140875,0
6148102657,43.6046976,1.3550099,0
6202874536,43.6047879,1.3551636,0
6299040892,43.6057651,1.3161946,0
6299061486,43.6048178,1.3184763,0
6299061487,43.6051145,1.3222875,0
6299269985,43.6065428,1.3203712,0
6376321200,43.6205352,1.3102324,0
6395544924,43.6149115,1.3377737,0
6395544941,43.6144246,1.3244649,0
6395544942,43.6131263,1.3069133,0
6395544943,43.6130532,1.3067298,0
6395544944,43.6154965,1.3028203,0
6395544945,43.6183219,1.3034158,0
6395544959,43.6159579,1.340115,0
6395544960,43.6207034,1.3360021,0
6395544975,43.6221244,1.3208498,0
6395544981,43.6227372,1.325235,0
6395544983,43.6230723,1.328935,0
6395544992,43.6239981,1.3331215,0
6413990757,43.605519,1.3353179,0
6413990758,43.6054266,1.3350613,0
6413990759,43.6053648,1.3356378,0
6576540054,43.6111583,1.371117,0
6754101361,43.6001504,1.3565275,0
6754101362,43.6003159,1.3564431,0
6938996413,43.6624219,1.3635036,0
6976477093,43.6466831,1.3192851,0
7078007592,43.6547445,1.3758588,0
7124730991,43.6765785,1.3193397,0
7858643889,43.6178143,1.3089227,0
7881275214,43.600343,1.3393993,0
7926195243,43.6326835,1.3884688,0
7926195244,43.6351782,1.3883299,0
7926195245,43.6351733,1.3880725,0
7926195252,43.6306165,1.3884676,0
8286940065,43.6125938,1.3126654,0
8286940067,43.6125733,1.3125649,0
8292793694,43.6578536,1.3762575,0
8454232387,43.6010874,1.3392897,0
9161059442,43.6092535,1.3506784,0
9365414318,43.68045,1.3629773,0
9386172941,43.654694,1.3760767,0
9386172942,43.6546433,1.3763052,0
9517181490,43.6053875,1.3356764,0
9630365060,43.6219455,1.3849622,0
9803472232,43.6108558,1.3468148,0
9984141770,43.6055712,1.3351021,0
10690248781,43.6217521,1.3874477,0
10690248782,43.6137053,1.3690464,0
10690248783,43.611976,1.3656467,0
10690248784,43.6114948,1.3650016,0
10690248796,43.609629,1.3604298,0
10690257809,43.6140286,1.3572702,0
10690257810,43.6150122,1.3567244,0
10690257815,43.6162045,1.3538798,0
10690257847,43.6171395,1.3516388,0
10690257849,43.6225283,1.3486469,0
10809074834,43.6128843,1.3114399,0
10809074835,43.6129648,1.3114314,0
10959829064,43.6880627,1.348962,0
10976797157,43.681143,1.3644344,0
10994605729,43.6363435,1.38519,0
11014086219,43.6054108,1.334667,0
11014086220,43.6056268,1.3351426,0
11151551167,43.6053515,1.3350347,0
11159743855,43.6601601,1.369372,0
11159743866,43.681019,1.3625151,0
11698829495,43.6318383,1.3840182,0
12062799462,43.6095904,1.3801322,0
12062809837,43.6093739,1.3799223,0
12348739758,43.6961352,1.3199795,0
12348739770,43.6965233,1.3198795,0
12842578486,43.6834256,1.3630098,0
12878556708,43.6330326,1.3878598,0
75074252,,,0
75074641,,,0
90087376,,,0
338647242,,,0
338647243,,,0
338648671,,,0
338648672,,,0
338649204,,,0
338649205,,,0
338650564,,,0
338650566,,,0
341210856,,,0
341210857,,,0
341219536,,,0
341219537,,,0
341244542,,,0
341244543,,,0
368156542,,,0
368156543,,,0
368158088,,,0
368158089,,,0
368159176,,,0
368159177,,,0
368177857,,,0
368177858,,,0
368180951,,,0
368180952,,,0
368189645,,,0
368189646,,,0
368593578,43.6244309,1.3865679,0
368593579,43.6244894,1.3866166,0
395090747,,,0
395090748,,,0
554666507,,,0
554666513,,,0
554666517,,,0
554666520,,,0
554689119,,,0
554689120,,,0
554689121,,,0
554689129,,,0
554689130,,,0
554689131,,,0
653359505,,,0
682836874,43.604808,1.3184462,0
746304231,43.6325501,1.3721466,0
746304337,43.6377875,1.3653756,0
831189475,43.6019926,1.3532453,0
837264189,43.6067574,1.3691573,0
837264191,43.6070333,1.3695947,0
837264197,43.6068228,1.3551665,0
837264198,43.6068131,1.3552944,0
837264199,43.6089452,1.354712,0
837264205,43.6084032,1.3265448,0
842373423,43.616813,1.3303706,0
884133914,,,0
884133927,,,0
915079887,,,0
915079888,,,0
915079889,,,0
915079890,,,0
915079891,,,0
915079892,,,0
915079893,,,0
915079894,,,0
915079900,,,0
915079901,,,0
915079902,,,0
915079903,,,0
915079904,,,0
915079905,,,0
915079906,,,0
1120151207,,,0
1120151212,,,0
1120151213,,,0
1161060336,,,0
1161060337,,,0
1161060346,43.6055579,1.3352225,0
1161060347,43.6055232,1.3351595,0
1161060348,43.6056177,1.3349461,0
1161060349,43.6055404,1.3349283,0
1161060350,43.6054673,1.3348997,0
1161060351,43.605371,1.335269,0
1161060353,,,0
1161060354,,,0
1161060355,,,0
1161060356,,,0
1419383416,,,0
1430303599,,,0
1432575638,43.6055252,1.3354034,0
471004536,43.6107036,1.4355239,0
474675724,43.6003842,1.4443994,0
474675725,43.6004372,1.4439636,0
579938393,43.6431485,1.4677202,0
579938661,43.6424329,1.4675068,0
675717384,43.63648,1.464151,0
675717390,43.6366609,1.4644828,0
676905878,43.6431049,1.4605833,0
676906604,43.642977,1.4621602,0
773940569,43.6113407,1.4395271,0
776077790,43.6010658,1.4520728,0
814130701,43.6104536,1.4789965,0
816993363,43.657841,1.4893019,0
816993430,43.6515677,1.4975534,0
816993440,43.6522928,1.4959612,0
816993461,43.6557488,1.4913695,0
816993551,43.6475247,1.4708556,0
816993594,43.6513464,1.4794531,0
816993615,43.6500617,1.472333,0
816993625,43.6491695,1.4712085,0
816993652,43.6559427,1.4784432,0
816993816,43.6593819,1.4705362,0
817281510,43.6536159,1.4992167,0
817281582,43.6608865,1.4916193,0
817281589,43.6621192,1.495066,0
817281605,43.6599498,1.4887735,0
817476565,43.6309762,1.4452876,0
817476573,43.6298639,1.4483244,0
817476580,43.6335696,1.4437208,0
817476608,43.630721,1.4495345,0
817476619,43.62913,1.4497198,0
817476650,43.6355552,1.4529064,0
817476654,43.6357229,1.4527689,0
817476673,43.6368989,1.4528408,0
817476675,43.6375111,1.4526923,0
817476696,43.6403029,1.4660352,0
817476701,43.6382674,1.465085,0
817476804,43.6210731,1.4577066,0
817476811,43.6272714,1.4609506,0
817476831,43.6283689,1.463282,0
817476836,43.6298131,1.4664351,0
817476855,43.6309919,1.4620761,0
817476870,43.6272606,1.4590072,0
817476879,43.6250145,1.4585834,0
817476935,43.6336636,1.4632496,0
817476939,43.6342023,1.4635487,0
894579376,43.6008254,1.4284851,0
998409744,43.6062202,1.4280872,0
998409762,43.6066071,1.4283123,0
1045297714,43.6076309,1.4278849,0
1073554460,43.6003705,1.4291105,0
1148214229,43.6099136,1.4348481,0
1148214240,43.609524,1.4348379,0
1148214250,43.6092964,1.4316429,0
1148214269,43.6086165,1.4287832,0
1148214274,43.6086915,1.4297307,0
1148214305,43.6093867,1.4313241,0
1148214310,43.6069563,1.4307362,0
1148214335,43.6070364,1.4346804,0
1148259767,43.6090612,1.4238809,0
1148259770,43.6097035,1.4204443,0
1148259772,43.6102978,1.4204935,0
1150978904,43.6005418,1.4642888,0
1150978908,43.6006141,1.4675368,0
1150978949,43.6006692,1.4643111,0
1152145840,43.6006192,1.4511028,0
1154356614,43.6323922,1.4318523,0
1154356616,43.6462114,1.4261844,0
1154356617,43.632549,1.431649,0
1155188936,43.6360308,1.4306101,0
1155188942,43.6157958,1.4368217,0
1155188973,43.6363599,1.4303248,0
1155188984,43.643337,1.4276183,0
1155188988,43.630214,1.4324583,0
1155189002,43.6383997,1.4298155,0
1155529324,43.621642,1.4082412,0
1155529339,43.6007233,1.4669535,0
1155529360,43.6015726,1.458813,0
1155529396,43.6117071,1.4141127,0
1155529424,43.6218778,1.4081514,0
1155529439,43.6009408,1.4742192,0
1155529443,43.6002211,1.454102,0
1155529463,43.6114596,1.4191154,0
1155529476,43.6124746,1.4131918,0
1155529489,43.6016722,1.4579248,0
1155529494,43.600849,1.4714458,0
1175048620,43.607002,1.4305325,0
1189459752,43.6071468,1.4732556,0
1198359796,43.6389667,1.471057,0
1200893611,43.6287671,1.4501659,0
1200893652,43.6193548,1.4692974,0
1203848238,43.6039747,1.4749553,0
1203848242,43.6124345,1.4672073,0
1203848244,43.612453,1.4674924,0
1204836836,43.6261423,1.467342,0
1204836974,43.6262544,1.4677191,0
1204909121,43.6248201,1.4770427,0
1204909134,43.6246911,1.4771757,0
1204909140,43.6244381,1.477448,0
1204909161,43.6249558,1.4768991,0
1204992953,43.6534165,1.4843983,0
1204992980,43.656535,1.4797223,0
1208060298,43.6429694,1.4566301,0
1208060300,43.6423606,1.4660878,0
1222333616,43.6098142,1.4950157,0
1249091592,43.6105001,1.4356083,0
1288764560,43.6405043,1.4692793,0
1345256560,43.6047766,1.4045582,0
1361867373,43.6063579,1.4732723,0
1361882494,43.6073644,1.4712985,0
1372832701,43.6160127,1.43787,0
1668719785,43.6008467,1.4743939,0
1668719842,43.6098299,1.4985454,0
1668719881,43.603837,1.4746993,0
1668719905,43.6079019,1.4871743,0
1668719912,43.6086254,1.4883527,0
1670744870,43.6195227,1.4694192,0
1718418073,43.692724,1.413785,0
1718423715,43.6892039,1.4229482,0
1718424038,43.6930388,1.4173281,0
1718424096,43.6868055,1.4175012,0
1718424124,43.6894761,1.4157642,0
1718424211,43.6815901,1.4212476,0
1718424265,43.68372,1.4197392,0
1718424309,43.6950614,1.410792,0
1718430883,43.6949061,1.4383937,0
1718431427,43.6916382,1.427037,0
1718431434,43.6920078,1.4272504,0
1718431481,43.6958039,1.4507173,0
1718447225,43.6593969,1.4515253,0
1718447248,43.6595057,1.451018,0
1718465181,43.6713294,1.4270992,0
1718465194,43.6722344,1.4267168,0
1718465318,43.6660528,1.4299063,0
1718465362,43.656832,1.432076,0
1718465382,43.6570275,1.4319221,0
1718465441,43.667616,1.4292891,0
1718465460,43.6686755,1.4289021,0
1718465492,43.6636763,1.4145589,0
1718465499,43.6642104,1.414282,0
1718465560,43.6753054,1.4246516,0
1718465625,43.6731321,1.4259874,0
1718465708,43.6784625,1.423012,0
1718479138,43.615079,1.4423592,0
1718479142,43.6153115,1.4426629,0
1718481747,43.612405,1.4774139,0
1718481940,43.6435564,1.4333849,0
1718481981,43.6436682,1.4335599,0
1718482466,43.6008553,1.4192686,0
1718489974,43.6108598,1.4043285,0
1718490044,43.6098374,1.4058132,0
1718491908,43.6512963,1.4325368,0
1718491963,43.6522703,1.4325888,0
1718493446,43.6175152,1.4547126,0
1718493851,43.6152042,1.4453919,0
1718493874,43.6155434,1.4459406,0
1718495227,43.6031394,1.451262,0
1718495238,43.6034034,1.4512102,0
1718495776,43.6001849,1.4201315,0
1718496255,43.6018048,1.4036082,0
1718496296,43.6018206,1.4037725,0
1718496759,43.6347898,1.43091,0
1718500933,43.6017979,1.4822606,0
1718501254,43.6121993,1.4484213,0
1718501282,43.6121145,1.4482262,0
1718502888,43.6134144,1.4314163,0
1718502918,43.6136226,1.4307056,0
1718502968,43.6138951,1.4115093,0
1718503118,43.6109261,1.4424165,0
1718503403,43.6060276,1.4566294,0
1718503417,43.6058663,1.4562458,0
1718507641,43.6068918,1.4821761,0
1718507748,43.6068829,1.4820536,0
1718508197,43.6664505,1.4402169,0
1718513606,43.624354,1.46607,0
1718514357,43.6489341,1.4389254,0
1718523044,43.607245,1.4512482,0
1718523061,43.6077262,1.4513258,0
1718523570,43.6552814,1.4322499,0
1718524014,43.616464,1.4087726,0
1718524038,43.6162944,1.4091467,0
1718525888,43.6542226,1.4376311,0
1718525900,43.6108909,1.4531823,0
1718525912,43.6107153,1.4527955,0
1718526042,43.6232453,1.442427,0
1718542356,43.6138237,1.4762985,0
1718542502,43.6083258,1.4807092,0
1718543350,43.6062977,1.4012188,0
1718543378,43.6060642,1.4011315,0
1718543506,43.6372034,1.4333936,0
1718543518,43.6358622,1.4331798,0
1718546542,43.6122578,1.4246311,0
1718547202,43.6230594,1.4586917,0
1718547221,43.6233777,1.4589979,0
1718547525,43.6138803,1.4512577,0
1718547539,43.6142982,1.4495631,0
1718547579,43.6135002,1.450296,0
1718548040,43.6094443,1.4706919,0
1718548070,43.6093358,1.470503,0
1718548435,43.6164318,1.4731801,0
1718550613,43.6089856,1.4538729,0
1718550644,43.6090549,1.4547818,0
1718552254,43.6073007,1.4471481,0
1718555252,43.6281965,1.4475337,0
1718555564,43.6284,1.4482632,0
1718556835,43.6233978,1.4672585,0
1718556867,43.6234111,1.4674462,0
1718557194,43.624012,1.4369161,0
1718565919,43.6573438,1.4201716,0
1718566001,43.6073036,1.4682671,0
1718566134,43.6180594,1.4365336,0
1718566164,43.6185183,1.4365557,0
1718566316,43.6292386,1.4763264,0
1718566381,43.6129783,1.4019971,0
1718566403,43.6132047,1.4019586,0
1718567565,43.6351323,1.4731149,0
1718567729,43.6388375,1.4333011,0
1718567740,43.6389539,1.4334343,0
1718568171,43.6476133,1.4329895,0
1718568222,43.6480214,1.4330886,0
1718569944,43.6511496,1.4382455,0
1718569948,43.6235982,1.4344277,0
1718569949,43.6232772,1.4343464,0
1718570124,43.6119119,1.4226382,0
1718570131,43.6118594,1.4217748,0
1718570614,43.6149782,1.448879,0
1718570823,43.600259,1.4146821,0
1718585255,43.6677573,1.4113114,0
1718585470,43.6732485,1.4095637,0
1718585614,43.6977775,1.475265,0
1718585621,43.6939486,1.4829124,0
1718588197,43.6763592,1.4780423,0
1718588327,43.682324,1.4824996,0
1718588381,43.6830326,1.4853186,0
1718588410,43.6791246,1.4769532,0
1718588456,43.6860572,1.486981,0
1718588462,43.6862104,1.4872146,0
1735006374,43.6593894,1.4707037,0
1735141245,43.6516126,1.497716,0
1735146019,43.6568278,1.4731183,0
1735155966,43.6483419,1.473664,0
1735340685,43.6154114,1.437401,0
1735344662,43.6310938,1.4449987,0
1735345359,43.6068654,1.4655516,0
1735345741,43.6272236,1.4530315,0
1735352575,43.6062658,1.4625167,0
1735354212,43.600504,1.4475366,0
1735385291,43.6332165,1.4698065,0
1735507098,43.6059902,1.4736695,0
1735639821,43.6092654,1.432352,0
1735639845,43.6091493,1.4321021,0
1737006135,43.6215784,1.45813,0
1737025934,43.6380246,1.4651272,0
1737056437,43.6114356,1.4379001,0
1737057228,43.6116674,1.439081,0
1737059174,43.6035659,1.457145,0
1737071710,43.6636373,1.4306698,0
1737080118,43.628869,1.4608115,0
1737092067,43.6390057,1.429423,0
1737107942,43.6312334,1.4496327,0
1737113522,43.638321,1.4715601,0
1737116076,43.6215318,1.4574373,0
1737119795,43.6542257,1.4232292,0
1737119901,43.6612903,1.431597,0
1737119935,43.6609672,1.4314664,0
1737139425,43.6432689,1.4276487,0
1737139973,43.6409473,1.4665549,0
1737139974,43.6133905,1.4523228,0
1737158779,43.6297855,1.448239,0
1737375870,43.6960131,1.479144,0
1739505118,43.6044796,1.4045693,0
1739505127,43.6029487,1.4083386,0
1739509456,43.6013273,1.4119073,0
1739515262,43.6105735,1.4350573,0
1740721476,43.6337308,1.4348881,0
1740721489,43.6337351,1.4352253,0
1740728139,43.6414079,1.4523065,0
1740728144,43.6414195,1.452699,0
1740728153,43.6415132,1.4524625,0
1740728159,43.6417957,1.452881,0
1740728167,43.6413453,1.452416,0
1740728176,43.641652,1.4526681,0
1740728182,43.6414509,1.4525721,0
1740728183,43.6417222,1.4529731,0
1740730082,43.6269028,1.4342809,0
1740730083,43.6260897,1.43387,0
1740730085,43.6264715,1.4328803,0
1740730086,43.6267089,1.4345608,0
1740730087,43.6265681,1.4327482,0
1740730442,43.6148072,1.4329039,0
1740730443,43.6151929,1.4347119,0
1740734135,43.6154504,1.46416,0
1740738391,43.6007479,1.4519737,0
1740792473,43.6083472,1.4461255,0
1740792518,43.6088178,1.4453199,0
1740792533,43.609173,1.4452175,0
1740805243,43.6066333,1.4497136,0
1740805262,43.6064958,1.4501118,0
1740805271,43.606021,1.44874,0
1740805277,43.6053606,1.448979,0
1740805307,43.6060729,1.4484156,0
1740805324,43.6051941,1.4491237,0
1740805336,43.605864,1.4492201,0
2215914663,43.6248599,1.4916913,0
2314496246,43.6095093,1.493215,0
2328307921,43.6286203,1.4827769,0
2482713763,43.6082669,1.4245277,0
2482933288,43.6258671,1.4947254,0
2483309108,43.6037085,1.4352274,0
2483427579,43.6878111,1.415793,0
2483427949,43.6876941,1.4161971,0
2483428382,43.6885931,1.4095724,0
2483428887,43.6884364,1.408653,0
2974113434,43.6431009,1.4160229,0
2974135933,43.6301302,1.4237543,0
2979185830,43.6195291,1.457105,0
3269345180,43.6268219,1.4331828,0
3793186267,43.659962,1.4485652,0
3793224557,43.6207912,1.4965152,0
3793257178,43.6754091,1.424511,0
3793321462,43.6223274,1.4954924,0
3793340867,43.622788,1.494912,0
4533798690,43.6238666,1.4094432,0
4533807593,43.6239456,1.4093726,0
4533807598,43.6264281,1.4109428,0
5011026327,43.641588,1.4523612,0
5011026328,43.6414802,1.4522083,0
5091395184,43.6051885,1.4493555,0
5100097484,43.6248759,1.4915343,0
5100575028,43.609927,1.4980135,0
5113820623,43.6061801,1.4483005,0
5141547129,43.6061414,1.4922668,0
5141547130,43.6060409,1.4921786,0
5141547131,43.6098392,1.4900868,0
5141547132,43.6097562,1.4899949,0
5146849078,43.614192,1.4890924,0
5146849079,43.6141556,1.4892406,0
5194478425,43.6153286,1.4375968,0
5247160269,43.6011989,1.4965694,0
5339253226,43.6245588,1.4773127,0
5368662909,43.6190172,1.4082344,0
5368662910,43.618713,1.4081057,0
5434300555,43.6437487,1.4556196,0
5434300556,43.6435437,1.4555855,0
5858887244,43.6089434,1.4463566,0
5899789780,43.6501333,1.4563757,0
5899789781,43.6502492,1.4566126,0
5902627374,43.6541631,1.4589989,0
5902627375,43.6540352,1.4587736,0
5980058439,43.6476753,1.4704631,0
5980058440,43.627254,1.4591696,0
5996511387,43.6415052,1.4528597,0
5996511402,43.6415797,1.4527625,0
6255761529,43.6556299,1.4812579,0
6299527515,43.6561403,1.478944,0
6693258823,43.6282703,1.4599233,0
6703058443,43.6630684,1.4977673,0
6791360158,43.6039151,1.4850221,0
7876387763,43.6090228,1.4533011,0
7909961774,43.6047577,1.417846,0
7909961775,43.6065409,1.4143845,0
7909961776,43.6079176,1.4107175,0
7909961777,43.6068234,1.4085091,0
7909961778,43.6040154,1.419943,0
7909961779,43.6019301,1.4204151,0
7909961791,43.6064602,1.4079633,0
7918558317,43.6412895,1.4525228,0
8222619632,43.612003,1.4188101,0
8222619633,43.6119505,1.4187727,0
8530237715,43.6105403,1.4550859,0
9217058457,43.618402,1.422868,0
9217159497,43.6486276,1.4494997,0
9447326191,43.6621415,1.4951109,0
9726184422,43.6287561,1.4829515,0
9759115090,43.6124436,1.4327139,0
9759115091,43.6124158,1.4326695,0
9980545674,43.6887696,1.4225498,0
9980545708,43.688949,1.4220804,0
9980628157,43.6263362,1.4106116,0
10047130786,43.6119041,1.4188839,0
10262945834,43.6059384,1.4269386,0
10846156945,43.619167,1.4684729,0
11262226485,43.6129647,1.4822063,0
11293328942,43.6327089,1.4044096,0
11293328943,43.6328323,1.4044384,0
11463083401,43.600834,1.4094014,0
11463083402,43.6007976,1.4094,0
11468403609,43.6284106,1.4824713,0
11468403610,43.6285422,1.4823819,0
11468403611,43.6283712,1.4823352,0
11468403612,43.628574,1.482515,0
11468403614,43.6286352,1.4820298,0
11468403615,43.6282093,1.4824234,0
11468403616,43.6282965,1.4820532,0
12216904912,43.6117714,1.4187637,0
12310218027,43.6059428,1.4205159,0
12310218030,43.6060541,1.4205787,0
12471277484,43.621804,1.4797847,0
12471277485,43.6220608,1.4795949,0
12471277488,43.6226911,1.4786105,0
12946495293,43.6115037,1.4526665,0
13194854773,43.6129417,1.4821282,0
13194854778,43.6125539,1.4819605,0
368290233,,,0
368290234,,,0
368293748,,,0
368293754,,,0
368295317,,,0
368295318,,,0
450278477,43.6129353,1.4522984,0
453782275,,,0
558251102,,,0
558251106,,,0
558251111,,,0
558251115,,,0
558251117,,,0
558251120,,,0
558251123,,,0
652939758,,,0
652939764,43.6644192,1.4133119,0
810222334,43.6078904,1.410682,0
810222367,43.6151797,1.4346858,0
837264173,43.6016937,1.4038051,0
844371601,43.649919,1.4722548,0
844530457,,,0
844530458,,,0
844530459,,,0
844530463,,,0
844530467,,,0
844774264,,,0
875491799,,,0
875491801,,,0
875491802,,,0
875491803,,,0
875491804,,,0
875491805,,,0
875491806,,,0
875491834,,,0
875491835,,,0
881148833,,,0
881148834,,,0
881587771,,,0
1205431127,,,0
1245649510,,,0
1330192020,,,0
1384015516,,,0
1384015517,,,0
1384050365,,,0
1384050366,,,0
1387182485,,,0
1387182486,,,0
1387182487,,,0
1387182488,,,0
1387272741,,,0
1387272742,,,0
447355444,43.6446237,1.5243454,0
466299321,43.6440796,1.514018,0
469832315,43.6428918,1.525217,0
469832319,43.6427136,1.5262448,0
520147039,43.6098722,1.5143153,0
817281476,43.6501667,1.5023656,0
817281484,43.6539229,1.503818,0
817281490,43.6538482,1.5071493,0
817281495,43.6541519,1.5105786,0
817281594,43.6638931,1.5009367,0
1153322737,43.6444893,1.5245943,0
1215273033,43.6211664,1.5084369,0
1220529463,43.6698561,1.5156588,0
1222333546,43.6098504,1.5038386,0
1222333596,43.6088938,1.5026101,0
1222333631,43.6093036,1.5028919,0
1401226266,43.6375034,1.5976556,0
1668719825,43.6184943,1.5047634,0
1668719886,43.6140707,1.5085055,0
1668719887,43.6141714,1.508467,0
1668719898,43.6163018,1.5036265,0
1718424398,43.6693224,1.5173338,0
1718430709,43.6764146,1.5399455,0
1718430719,43.6797064,1.5390699,0
1718430733,43.6756362,1.5283458,0
1718430735,43.6754663,1.5443835,0
1718430768,43.6774802,1.5429079,0
1718446696,43.6287062,1.5411647,0
1718446766,43.6272813,1.5308937,0
1718451696,43.6021635,1.5009593,0
1718453829,43.6077345,1.5020998,0
1718453830,43.6078322,1.5023092,0
1718454672,43.6047484,1.5115616,0
1718455642,43.6030521,1.5042007,0
1718455704,43.6055353,1.5023864,0
1718455705,43.605411,1.5019818,0
1718583586,43.6925613,1.5168319,0
1718597465,43.6507285,1.5096458,0
1718618668,43.6346935,1.52081,0
1718618691,43.6349942,1.5207897,0
1734952019,43.6120605,1.5270215,0
1735241931,43.6189469,1.5167588,0
1735321043,43.6003956,1.5072606,0
1738484699,43.6457594,1.526479,0
2482935704,43.6258092,1.5293171,0
2482937461,43.6125503,1.5463436,0
2482937601,43.6115733,1.5731334,0
2483295973,43.6449538,1.5445276,0
2974107435,43.6038395,1.5043038,0
3793318551,43.6047707,1.5081614,0
5013886104,43.6880107,1.5699646,0
5107254842,43.6098791,1.5006365,0
5320626681,43.6785613,1.5319123,0
5364271529,43.6816183,1.5842528,0
5823702631,43.6476072,1.5720348,0
9447326192,43.6639106,1.50105,0
9726184435,43.6461415,1.5542556,0
12806328284,43.6236516,1.531003,0
12806328285,43.6236076,1.5310918,0
12806328286,43.6235653,1.5311705,0
13149116838,43.6795838,1.5825797,0
13149116839,43.6775781,1.5798983,0
33652275,,,0
33652276,,,0
558619193,,,0
558619208,,,0
558619214,,,0
844553513,,,0
1400814414,43.6103107,1.6419794,0
2917061510,43.6138665,1.6317138,0
5823702611,43.6445856,1.6043168,0
5823702612,43.6448653,1.6040966,0
7069663743,43.6509605,1.6255575,0
7069663744,43.6508115,1.6256553,0
7146573449,43.6567019,1.6616191,0
7146573450,43.6528598,1.6426463,0
9718026540,43.6536304,1.6514837,0
9718026545,43.6506243,1.6332514,0
9726184443,43.650788,1.633524,0
11832515532,43.6446538,1.6624707,0
11832515533,43.6449335,1.662299,0
9718016016,43.6965116,1.7977855,0
9718026529,43.6698777,1.7272038,0
9718026530,43.6661385,1.7228854,0
9718026533,43.6638307,1.7049838,0
9726184453,43.6639625,1.7038337,0
9726184454,43.6667482,1.7231409,0
9726184457,43.6702056,1.7277785,0
4880615322,43.6967677,1.8167888,0
7058225040,43.6560275,1.9739985,0
1977211528,43.6424272,2.0382969,0
2753181360,43.6423845,2.0384762,0
1171730033,,,0
1171730034,,,0
1951669843,43.6521016,2.1778062,0
1955850211,43.6488166,2.1267432,0
1956083116,43.6663744,2.1191748,0
268543245,,,0
775223185,43.6034458,2.247208,0
775223215,43.6132564,2.2670186,0
775223227,43.609467,2.260343,0
775223233,43.6059365,2.2557751,0
775223239,43.6059737,2.2560058,0
775223268,43.6027332,2.2470935,0
775223287,43.615268,2.268288,0
775223317,43.6097123,2.2606004,0
775223391,43.6155435,2.2686156,0
775223410,43.6035774,2.2540836,0
775223413,43.6180511,2.269722,0
775223439,43.6180381,2.2700366,0
775223444,43.612392,2.266611,0
775223447,43.602991,2.2479158,0
1353911220,43.6092052,2.2277982,0
1353911227,43.6010981,2.2250126,0
2399852212,43.6031794,2.2340441,0
2401585632,43.6020475,2.240587,0
2401910782,43.6019139,2.2418236,0
2403847787,43.6033318,2.2439189,0
2404111976,43.6056987,2.2455229,0
2404111977,43.6058498,2.2452915,0
2406368902,43.6070523,2.2454311,0
2406368930,43.6077836,2.2415801,0
2407792048,43.6087138,2.2384129,0
2407792090,43.6085002,2.2375497,0
2407792114,43.6065918,2.2371705,0
2408293377,43.6007558,2.2358521,0
2414617207,43.6119502,2.2350631,0
2439829296,43.6080617,2.2549449,0
2441899928,43.606603,2.2370423,0
2446439266,43.660484,2.2067013,0
2446439285,43.6640813,2.2016223,0
2447590195,43.6326461,2.2264755,0
2786432572,43.6776418,2.2950726,0
3352563714,43.6210771,2.265581,0
3352603511,43.6225051,2.2594542,0
4754865637,43.6194094,2.2468004,0
8215455574,43.6195502,2.2697966,0
9666398737,43.6002937,2.2396673,0
9666398739,43.6005676,2.239603,0
9666398741,43.6033985,2.2439817,0
9666398745,43.6030781,2.2387862,0
9666398757,43.6076012,2.2569542,0
9666398758,43.6074849,2.2566618,0
9666398804,43.6147704,2.2468798,0
9666398806,43.6146821,2.2466692,0
9666398816,43.615219,2.2499067,0
9668365997,43.6035105,2.2440737,0
9668367775,43.6118002,2.2446375,0
9668367782,43.6216871,2.2496934,0
9668367793,43.6282428,2.2594969,0
9692803913,43.6322897,2.2738454,0
9714327546,43.6188852,2.2321612,0
9714327547,43.6182133,2.2339542,0
9714430977,43.6016029,2.2620383,0
9714430979,43.6011192,2.2606301,0
9714430983,43.6032679,2.260032,0
9714430987,43.6055127,2.2611102,0
9714454218,43.6066605,2.2591147,0
9714454221,43.6082216,2.2561551,0
9720021876,43.6027178,2.2322175,0
9720021878,43.601127,2.2280198,0
9720021889,43.604023,2.2282478,0
9720021895,43.6131004,2.2298062,0
9748713346,43.6031946,2.2438516,0
9748980142,43.6015436,2.2484811,0
9748980146,43.6159948,2.237881,0
9748980159,43.6031082,2.2437912,0
83246954,,,0
274454623,,,0
6403707385,43.7817834,1.1951734,0
6403707393,43.791799,1.159151,0
8676637080,43.7383705,1.1166462,0
8676637081,43.711634,1.1671042,0
8676637083,43.7068674,1.1984539,0
8710175706,43.7384272,1.1180662,0
9514539936,43.743587,1.1811157,0
10583748500,43.72034,1.1041118,0
10583748501,43.7217617,1.100953,0
4867748521,43.768819,1.2956787,0
5005931526,43.7697399,1.2951314,0
5011204894,43.7720191,1.2965885,0
5445282357,43.7557462,1.2129577,0
5445808404,43.7217352,1.2978914,0
5445902080,43.7375605,1.2282103,0
5561363622,43.757637,1.2194804,0
5561363623,43.7570403,1.2196145,0
6700207795,43.7014348,1.2146792,0
6700207796,43.7009975,1.2151031,0
6700261908,43.7267966,1.2001435,0
9365414324,43.7657019,1.2976353,0
9514539954,43.738703,1.2311537,0
10944421497,43.711351,1.2061545,0
10944421498,43.7112434,1.2060995,0
12348739757,43.7199272,1.2917953,0
75380454,,,0
922250391,,,0
1718416185,43.7095343,1.3913435,0
1718618008,43.7058963,1.3421277,0
3793336758,43.7102006,1.3911589,0
4867744323,43.7321408,1.3191937,0
5009558845,43.765345,1.3756031,0
5009558846,43.7653585,1.3753952,0
5009558847,43.7651043,1.3725293,0
5009558848,43.7645958,1.3735137,0
5009660233,43.769249,1.3607786,0
5009660234,43.7697758,1.3601388,0
5011159930,43.7881207,1.3428378,0
5012440536,43.7837493,1.3572735,0
5012440537,43.7839502,1.3572367,0
5372646847,43.7882434,1.3475054,0
5372646853,43.7802911,1.3599527,0
5445783529,43.7128657,1.3084016,0
5445791534,43.717368,1.3055992,0
5445791535,43.7173226,1.3054646,0
5445825744,43.7329771,1.3060722,0
5561484063,43.7694872,1.3340261,0
5561495743,43.7583393,1.3317583,0
5561525572,43.750518,1.3574217,0
5561548610,43.7370902,1.3663505,0
5561557126,43.7307386,1.3638946,0
5561605775,43.7092417,1.3818722,0
5561605776,43.7088499,1.3819194,0
6700268701,43.7956442,1.3352573,0
9994346117,43.7399955,1.3717487,0
10006961158,43.744712,1.3685355,0
359435434,,,0
359435501,,,0
692711251,43.7153808,1.4203003,0
746790922,43.7849892,1.46974,0
1198359859,43.7275315,1.4113038,0
1223688001,43.7133284,1.4309288,0
1223688208,43.7161802,1.4327935,0
1223688258,43.7209628,1.4129576,0
1317089283,43.7816607,1.4651353,0
1718431780,43.7159472,1.4799694,0
1718431781,43.7129346,1.4766525,0
1718432427,43.728883,1.4208797,0
1718449016,43.7189614,1.4438905,0
1718449017,43.7190735,1.4439225,0
1718449018,43.7236272,1.4344902,0
1718449019,43.7225588,1.436473,0
1718582749,43.7053185,1.4630653,0
1718582832,43.7032839,1.4668932,0
1718583163,43.7161588,1.4512789,0
1718583189,43.7123347,1.4598844,0
1718583250,43.7107921,1.4629398,0
1718583257,43.7108953,1.4630277,0
2215971690,43.7217712,1.4112193,0
2216391132,43.7174319,1.448088,0
2216391134,43.7174893,1.4474239,0
5007531025,43.753525,1.4916891,0
5009777000,43.7809317,1.4055479,0
5009777001,43.7816758,1.4052502,0
5014482881,43.778387,1.4783552,0
5154123912,43.7961132,1.4528915,0
5154248665,43.7222187,1.4313666,0
5154248669,43.7620344,1.4062352,0
5289882297,43.74004,1.427865,0
5289882307,43.771752,1.43906,0
5289882626,43.7797444,1.4477137,0
5289882627,43.7826465,1.4494134,0
5297267805,43.7962525,1.4067629,0
5327537157,43.7802486,1.4483075,0
5340512179,43.7781014,1.4058354,0
5446032859,43.7546947,1.4067039,0
5446043230,43.7486144,1.4073282,0
5446043231,43.7486163,1.4071485,0
5446047261,43.7504435,1.4240733,0
5446047262,43.750335,1.4240116,0
5446052624,43.7489758,1.4295933,0
5448082622,43.7665856,1.4167951,0
5448092153,43.7697303,1.4285177,0
5448098589,43.7787749,1.4311744,0
5448136569,43.7833286,1.429828,0
5448158551,43.783195,1.4085513,0
5448173724,43.787546,1.411593,0
5448327887,43.7928431,1.4144294,0
5448327888,43.7929975,1.4145434,0
5556345527,43.7584342,1.4998296,0
5556350643,43.7571779,1.4938925,0
5556671663,43.7492025,1.4893717,0
5556671664,43.7488508,1.4894508,0
5556816897,43.7384471,1.4923918,0
5556834053,43.7272628,1.4818528,0
6630704516,43.7325362,1.415405,0
7146573455,43.7646946,1.4561934,0
7146573459,43.7392935,1.471201,0
9236448223,43.7506314,1.4069045,0
9502308711,43.7833413,1.4229859,0
9502308713,43.7820849,1.4353847,0
9688220745,43.7349869,1.4765802,0
9688220746,43.7369733,1.4761806,0
9688220767,43.7410772,1.4692199,0
9688220772,43.7563148,1.4670463,0
9984297516,43.721049,1.413196,0
9984304231,43.7222551,1.4313462,0
11171355477,43.7774212,1.4820525,0
5005267528,43.7672965,1.5300259,0
5005354343,43.7218766,1.5852148,0
5005354344,43.7222049,1.5858998,0
5013843859,43.7351633,1.5910676,0
5013871733,43.7036545,1.5606949,0
5362397174,43.7564427,1.555004,0
5362397176,43.7677013,1.5449336,0
5362397183,43.7823901,1.5561287,0
5364271540,43.7116407,1.5607739,0
5364271541,43.7187853,1.5790411,0
5364271542,43.7191421,1.5791234,0
5442371976,43.7630954,1.5526263,0
5556295823,43.7951379,1.5785296,0
5556330311,43.7702,1.5332606,0
5556342415,43.7573735,1.505131,0
5556342417,43.7573309,1.5166651,0
653119939,,,0
653119940,,,0
243518617,43.7764025,1.6338422,0
5006672385,43.7333686,1.6370849,0
5013820029,43.7790131,1.6263172,0
5013820030,43.7787725,1.6265305,0
5559042490,43.7820714,1.6289706,0
5788071419,43.7757389,1.6800955,0
6867876946,43.775115,1.6883466,0
6867876947,43.7751603,1.6884094,0
7210766641,43.786154,1.6788111,0
9447326213,43.7530101,1.6103963,0
9447331440,43.7723658,1.6266565,0
9465876113,43.7761827,1.6344316,0
8637819581,43.764658,1.7641162,0
8637819582,43.764751,1.7641152,0
8637819583,43.765055,1.762042,0
8637856275,43.7434545,1.7751312,0
8657127593,43.7472743,1.7618477,0
9718015998,43.7004361,1.8187252,0
1893898256,43.7280113,2.191225,0
2013319399,43.7804607,2.103643,0
2714879509,43.7957985,2.1443209,0
2732788622,43.7739004,2.1859862,0
2733287099,43.773237,2.1847596,0
4235817836,43.7793115,2.1876101,0
1336918849,43.7382916,2.2856253,0
1336918967,43.7430701,2.2799174,0
1357798320,43.7681447,2.2279299,0
478168409,43.8901295,1.1950563,0
6203111190,43.894581,1.1935216,0
6203111191,43.8898046,1.183171,0
6203473294,43.8991181,1.1331366,0
6205078180,43.8621621,1.1777597,0
9823155586,43.8900532,1.1950629,0
8349864969,43.8095746,1.271694,0
9797034117,43.8579991,1.2415396,0
9797034118,43.8580266,1.2414276,0
9797034317,43.8573486,1.2415979,0
9797034318,43.8572435,1.2415653,0
10006961157,43.8619525,1.269678,0
390235860,,,0
390235898,,,0
437736040,,,0
437736044,,,0
5009803921,43.8398897,1.3893132,0
5340512162,43.8326753,1.3916037,0
5344548412,43.8383276,1.388611,0
5445958021,43.8005925,1.3302791,0
5445975469,43.8043586,1.3247403,0
6700243147,43.817489,1.3110171,0
10720896045,43.894617,1.3226314,0
437776344,,,0
437776345,,,0
5009817785,43.8343817,1.4020698,0
5009817786,43.8344852,1.4007971,0
5009829375,43.8309986,1.4318275,0
5009842406,43.8598497,1.4836498,0
5141801922,43.8591507,1.4821841,0
5141801928,43.8654395,1.4989808,0
5289882632,43.8119753,1.4615917,0
5289882634,43.824775,1.4708885,0
5289882636,43.8283112,1.473858,0
5289882639,43.8334802,1.4793473,0
5332051742,43.8336606,1.4804961,0
5340512149,43.8472887,1.4613725,0
5344548387,43.864828,1.493532,0
5803473714,43.8740541,1.4601959,0
5803473727,43.8744229,1.4601195,0
12833230043,43.8302483,1.4244997,0
5005136346,43.8330728,1.5090752,0
5005199875,43.8342724,1.5557336,0
5005283759,43.8841916,1.5449135,0
5011046153,43.8662007,1.50352,0
5013753226,43.8083586,1.5686369,0
5013789648,43.8089608,1.5703985,0
5141801925,43.8609565,1.5029958,0
5154123910,43.8286286,1.5097173,0
5362397189,43.80586,1.545896,0
5362397197,43.8115416,1.5438563,0
5362397204,43.8153967,1.5381968,0
5556263222,43.8011239,1.5917113,0
9447331465,43.8175131,1.5670008,0
9465876107,43.8402712,1.5401783,0
9465876108,43.83438,1.555123,0
5013753232,43.8000398,1.6074143,0
5556263280,43.8008906,1.6019842,0
9610411984,43.8492086,1.7960219,0
9610411990,43.8217118,1.7243017,0
9610434832,43.8358305,1.7514731,0
9610434841,43.8493427,1.7959133,0
1902405689,43.891498,1.8787183,0
1902406006,43.8944136,1.881643,0
6419445635,43.8943032,1.8812914,0
9610411975,43.8831955,1.8615288,0
9610411982,43.8630287,1.8165676,0
9610411983,43.8580163,1.8118885,0
12881942838,43.8544197,1.8075747,0
7615964873,43.894759,1.9764402,0
7615967527,43.8928399,1.9864327,0
7615983522,43.8941214,1.9795028,0
7616005474,43.8956157,1.9689319,0
497481475,43.883511,2.1688954,0
497481477,43.8653236,2.1870404,0
1129759227,43.8966388,2.1784582,0
1357798221,43.8299528,2.1914738,0
1357798702,43.8563371,2.1882255,0
9312762107,43.8291451,2.1910663,0
12894361756,43.8650423,2.1869385,0
13027043969,43.8575103,2.189737,0
13142853151,43.8644888,2.1870984,0
266072768,,,0
1431843825,43.9164355,1.1810271,0
6565867336,43.9420325,1.1695293,0
6565867337,43.9423508,1.1697155,0
6912247320,43.9569114,1.2274749,0
6912247321,43.9591572,1.2356836,0
8507507032,43.9637688,1.237576,0
8936580375,43.9857301,1.2631074,0
8936580376,43.985796,1.2631054,0
9505504006,43.9592679,1.252469,0
9667843019,43.9128326,1.2194605,0
12223913654,43.9567965,1.2273598,0
61783444,,,0
702199543,,,0
702199544,,,0
752835773,43.9125201,1.272507,0
1092639086,,,0
1443685024,,,0
2385858808,43.9995988,1.360035,0
2701525912,43.9846945,1.3309601,0
2707286466,43.9992339,1.3532119,0
10057173939,43.9560398,1.3641504,0
10057173940,43.9560316,1.3641836,0
10057173943,43.9511956,1.3954923,0
380055562,,,0
901341348,,,0
9394126556,43.9602545,1.4286084,0
9396550311,43.9647214,1.4307486,0
1790751593,43.9130055,1.5693199,0
608664530,,,0
9575286600,43.9144324,1.680644,0
3768778104,43.9935389,1.7088337,0
1902392083,43.9043968,1.8958851,0
1902393924,43.9000298,1.898048,0
6436200913,43.9040407,1.8958284,0
9353876452,43.9001407,1.8980152,0
9610411973,43.9011794,1.8895291,0
9610434874,43.9013158,1.8894848,0
1824843330,43.9003336,1.9015322,0
5625480274,43.9151841,1.9306014,0
5625480276,43.9068906,1.9130228,0
6419445630,43.90032,1.901458,0
9575286603,43.9190518,1.9556307,0
9575286610,43.9198445,1.9854679,0
9578200746,43.9194235,1.9750513,0
9578200748,43.9189115,1.9549126,0
13075557878,43.936775,1.9429585,0
13075576275,43.935134,1.949179,0
707202786,43.913741,2.0439604,0
1123469781,43.9261077,2.0773375,0
1123469782,43.9283704,2.0730293,0
1123469783,43.9250339,2.0728979,0
1123473043,43.9100555,2.0365302,0
3307209111,43.91744,2.0974025,0
7058225038,43.9381609,2.0849508,0
7058225039,43.9386563,2.0789064,0
9273116140,43.9382427,2.0848651,0
9575286613,43.9202966,2.0035889,0
9578200741,43.9204929,2.0181812,0
497481471,43.9782467,2.1767597,0
497481472,43.9614684,2.1780719,0
669092213,43.9198332,2.1386238,0
675653293,43.9221102,2.1381916,0
675669590,43.9248876,2.1450434,0
1106649555,43.9171795,2.1171301,0
1123341389,43.9164504,2.1100415,0
1123465491,43.9184961,2.1105593,0
1123483665,43.9151741,2.1322641,0
1123483685,43.9165453,2.1315044,0
1123483689,43.9184051,2.1307778,0
1129759131,43.913827,2.135819,0
1132105514,43.9220173,2.1466864,0
1132105552,43.9203893,2.1617458,0
2968524256,43.9236341,2.1565789,0
3024093306,43.9300998,2.1475328,0
3036956507,43.9371261,2.1471213,0
3036956509,43.9387001,2.1477078,0
3036956510,43.9387197,2.1479076,0
3036956512,43.9423371,2.1495235,0
3036956517,43.9459762,2.1513064,0
3036956521,43.9552284,2.1532099,0
3036956522,43.9555784,2.1532813,0
3049113095,43.933814,2.1405021,0
3049115950,43.9424694,2.1405872,0
3063424323,43.925498,2.1481864,0
3063424324,43.926183,2.1485286,0
3068099222,43.9221392,2.1387114,0
3188659482,43.918393,2.1108656,0
3288630177,43.9246533,2.1245876,0
3307649562,43.9388818,2.1665088,0
3394426880,43.9418062,2.1525183,0
3402490885,43.9407864,2.1548942,0
3412507560,43.912434,2.1661774,0
3412507561,43.9159211,2.1744064,0
3412507563,43.9208804,2.1714213,0
3412507564,43.9251659,2.1491332,0
3527770912,43.9433742,2.1480553,0
3612773127,43.9176164,2.1443973,0
3612773128,43.918222,2.1448944,0
3729673215,43.9385708,2.1844575,0
3743779287,43.9241003,2.1489257,0
3743797317,43.9282804,2.1480075,0
3832224328,43.9245607,2.1476389,0
3833206183,43.9193973,2.1313403,0
3834570458,43.9290251,2.1291438,0
3842988284,43.9168534,2.1314053,0
3843011690,43.9151289,2.1321115,0
3874883704,43.9225155,2.141383,0
3896851420,43.9219433,2.1576853,0
3914258087,43.9251284,2.1451519,0
3976257025,43.9345178,2.1684032,0
4343167551,43.9350749,2.146113,0
4813353087,43.915741,2.1434404,0
7058273046,43.9431114,2.1945523,0
7058273051,43.9433321,2.1111526,0
7506972055,43.9334837,2.157762,0
7522416275,43.926757,2.130272,0
7522554040,43.9425898,2.1517479,0
7522554041,43.9435783,2.1548779,0
8165752380,43.9284047,2.1802047,0
8200082405,43.9354049,2.1776737,0
8200082406,43.9356037,2.1788366,0
9076375557,43.9369072,2.1826845,0
9239139320,43.9484511,2.1418444,0
9239139326,43.9494121,2.1422431,0
9239139330,43.9488996,2.1455766,0
9239139374,43.9453882,2.140762,0
9239145565,43.941319,2.1419267,0
9239175703,43.9340852,2.1465707,0
9239175704,43.9337817,2.1464551,0
9239177138,43.9282391,2.1476559,0
9241260575,43.9507318,2.1283955,0
9241260581,43.9467845,2.1333686,0
9241260616,43.9458961,2.1370581,0
9241362133,43.9426588,2.136296,0
9241362155,43.9397578,2.1373563,0
9241362159,43.9377946,2.1382093,0
9241362170,43.9346655,2.1393094,0
9241668888,43.9629536,2.1656934,0
9241668897,43.9619129,2.1638545,0
9241668919,43.958683,2.1578768,0
9241881539,43.9400501,2.1569626,0
9241881552,43.9423009,2.1584951,0
9241881600,43.9450187,2.1536035,0
9241881620,43.9476605,2.1568539,0
9241881630,43.9494998,2.1569435,0
9241881640,43.9476653,2.1546321,0
9243985128,43.9256664,2.1595977,0
9243985158,43.9272278,2.1633947,0
9243985187,43.930038,2.1625716,0
9244111260,43.9326876,2.1691167,0
9244111281,43.9338752,2.1725846,0
9244123044,43.9372145,2.1816973,0
9244123051,43.9394921,2.1865487,0
9244313786,43.9318771,2.1543838,0
9244313804,43.9353621,2.1615606,0
9258527681,43.9137508,2.1360756,0
9258527694,43.9134919,2.138753,0
9258527708,43.9130755,2.1409058,0
9265185284,43.9186821,2.1197875,0
9272823289,43.9243491,2.1359112,0
9272823312,43.9285538,2.1291834,0
9272833819,43.9258064,2.1283557,0
9272833850,43.9235707,2.1187821,0
9273111673,43.9423152,2.1401817,0
9276332436,43.9236136,2.1488759,0
9316402750,43.9335794,2.1685429,0
9319322470,43.9223912,2.1874218,0
9319499360,43.9194789,2.1812935,0
9328285024,43.947211,2.1463142,0
12229851932,43.9252221,2.1478869,0
12309664682,43.920449,2.1723432,0
94339195,,,0
94339196,,,0
4181438000,43.9286184,2.2181253,0
9099225822,43.957013,2.2054329,0
9241523502,43.9474229,2.21054,0
9241523765,43.9530419,2.2084704,0
9241523784,43.957275,2.2045391,0
9244227816,43.9469182,2.2056683,0
9244227842,43.9448741,2.2008542,0
9276181550,43.9393162,2.2404493,0
9319338423,43.941292,2.2037777,0
9319499333,43.9408545,2.2071651,0
9319499352,43.9355781,2.2017283,0
11366455552,43.91272,2.2142494,0
11371432073,43.9203446,2.2185543,0
11371432081,43.9177707,2.226954,0
11374075860,43.9088254,2.2307745,0
11377407752,43.9178412,2.2609708,0
11377409961,43.9099715,2.2384013,0
